CREATE DATABASE `weathernow` /*!40100 DEFAULT CHARACTER SET utf8 COLLATE utf8_spanish_ci */;

CREATE TABLE `weathernow`.`estadoscielo` (
  `id_est` int(11) NOT NULL AUTO_INCREMENT,
  `estado` varchar(100) NOT NULL,
  PRIMARY KEY (`id_est`)
) ENGINE=InnoDB AUTO_INCREMENT=8 DEFAULT CHARSET=utf8;

CREATE TABLE `weathernow`.`paises` (
  `id_pais` int(11) NOT NULL AUTO_INCREMENT,
  `nombre_pais` varchar(100) NOT NULL,
  `codigo_pais` varchar(3) NOT NULL,
  PRIMARY KEY (`id_pais`)
) ENGINE=InnoDB AUTO_INCREMENT=250 DEFAULT CHARSET=utf8;

CREATE TABLE `weathernow`.`ciudades` (
  `id_ciu` int(11) NOT NULL AUTO_INCREMENT,
  `nombre_ciu` varchar(100) DEFAULT NULL,
  `id_pais` int(11) NOT NULL,
  PRIMARY KEY (`id_ciu`),
  KEY `fk_ciudades_paises_idx` (`id_pais`),
  CONSTRAINT `FK3cnbrde3p56r63m20pv0g505i` FOREIGN KEY (`id_pais`) REFERENCES  `weathernow`.`paises` (`id_pais`),
  CONSTRAINT `fk_ciudades_paises` FOREIGN KEY (`id_pais`) REFERENCES  `weathernow`.`paises` (`id_pais`) ON DELETE NO ACTION ON UPDATE NO ACTION
) ENGINE=InnoDB AUTO_INCREMENT=9 DEFAULT CHARSET=utf8;

CREATE TABLE `weathernow`.`usuarios` (
  `id_usu` int(11) NOT NULL AUTO_INCREMENT,
  `clave_usu` varchar(100) NOT NULL,
  `correo_usu` varchar(100) DEFAULT NULL,
  `privilegio_usu` varchar(100) NOT NULL,
  `nombre_usu` varchar(100) NOT NULL,
  PRIMARY KEY (`id_usu`)
) ENGINE=InnoDB AUTO_INCREMENT=2 DEFAULT CHARSET=utf8;

CREATE TABLE `weathernow`.`registros` (
  `id_reg` int(11) NOT NULL AUTO_INCREMENT,
  `fecha_reg` date NOT NULL,
  `id_ciu` int(11) NOT NULL,
  `temperatura` float DEFAULT NULL,
  `id_usu` int(11) NOT NULL,
  `id_est` int(11) DEFAULT NULL,
  PRIMARY KEY (`id_reg`),
  KEY `fk_registros_ciudades1_idx` (`id_ciu`),
  KEY `fk_registros_usuarios1_idx` (`id_usu`),
  KEY `fk_registros_estadosCielo1_idx` (`id_est`),
  CONSTRAINT `FKmnw0ob166cgeyv6b467tx95yg` FOREIGN KEY (`id_est`) REFERENCES `weathernow`.`estadoscielo` (`id_est`),
  CONSTRAINT `FKok87o6xjwgxbs5l8bvlb19c3o` FOREIGN KEY (`id_usu`) REFERENCES `weathernow`.`usuarios` (`id_usu`),
  CONSTRAINT `FKqnqe08d95wnvr6dybtbohojwj` FOREIGN KEY (`id_ciu`) REFERENCES `weathernow`.`ciudades` (`id_ciu`),
  CONSTRAINT `fk_registros_ciudades1` FOREIGN KEY (`id_ciu`) REFERENCES `weathernow`.`ciudades` (`id_ciu`) ON DELETE NO ACTION ON UPDATE NO ACTION,
  CONSTRAINT `fk_registros_estadosCielo1` FOREIGN KEY (`id_est`) REFERENCES `weathernow`.`estadoscielo` (`id_est`) ON DELETE NO ACTION ON UPDATE NO ACTION,
  CONSTRAINT `fk_registros_usuarios1` FOREIGN KEY (`id_usu`) REFERENCES `weathernow`.`usuarios` (`id_usu`) ON DELETE NO ACTION ON UPDATE NO ACTION
) ENGINE=InnoDB AUTO_INCREMENT=101 DEFAULT CHARSET=utf8;

/*
-- Query: SELECT * FROM weathernow.paises
-- Date: 2017-04-27 00:00
*/


INSERT INTO weathernow.`paises` (`id_pais`,`nombre_pais`,`codigo_pais`) VALUES (1,'Afganistán','AF');
INSERT INTO weathernow.`paises` (`id_pais`,`nombre_pais`,`codigo_pais`) VALUES (2,'Albania','AL');
INSERT INTO weathernow.`paises` (`id_pais`,`nombre_pais`,`codigo_pais`) VALUES (3,'Alemania','DE');
INSERT INTO weathernow.`paises` (`id_pais`,`nombre_pais`,`codigo_pais`) VALUES (4,'Andorra','AD');
INSERT INTO weathernow.`paises` (`id_pais`,`nombre_pais`,`codigo_pais`) VALUES (5,'Angola','AO');
INSERT INTO weathernow.`paises` (`id_pais`,`nombre_pais`,`codigo_pais`) VALUES (6,'Anguila','AI');
INSERT INTO weathernow.`paises` (`id_pais`,`nombre_pais`,`codigo_pais`) VALUES (7,'Antártida','AQ');
INSERT INTO weathernow.`paises` (`id_pais`,`nombre_pais`,`codigo_pais`) VALUES (8,'Antigua y Barbuda','AG');
INSERT INTO weathernow.`paises` (`id_pais`,`nombre_pais`,`codigo_pais`) VALUES (9,'Arabia Saudita','SA');
INSERT INTO weathernow.`paises` (`id_pais`,`nombre_pais`,`codigo_pais`) VALUES (10,'Argelia','DZ');
INSERT INTO weathernow.`paises` (`id_pais`,`nombre_pais`,`codigo_pais`) VALUES (11,'Argentina','AR');
INSERT INTO weathernow.`paises` (`id_pais`,`nombre_pais`,`codigo_pais`) VALUES (12,'Armenia','AM');
INSERT INTO weathernow.`paises` (`id_pais`,`nombre_pais`,`codigo_pais`) VALUES (13,'Aruba','AW');
INSERT INTO weathernow.`paises` (`id_pais`,`nombre_pais`,`codigo_pais`) VALUES (14,'Australia','AU');
INSERT INTO weathernow.`paises` (`id_pais`,`nombre_pais`,`codigo_pais`) VALUES (15,'Austria','AT');
INSERT INTO weathernow.`paises` (`id_pais`,`nombre_pais`,`codigo_pais`) VALUES (16,'Azerbaiyán','AZ');
INSERT INTO weathernow.`paises` (`id_pais`,`nombre_pais`,`codigo_pais`) VALUES (17,'Bahamas','BS');
INSERT INTO weathernow.`paises` (`id_pais`,`nombre_pais`,`codigo_pais`) VALUES (18,'Bangladés','BD');
INSERT INTO weathernow.`paises` (`id_pais`,`nombre_pais`,`codigo_pais`) VALUES (19,'Barbados','BB');
INSERT INTO weathernow.`paises` (`id_pais`,`nombre_pais`,`codigo_pais`) VALUES (20,'Baréin','BH');
INSERT INTO weathernow.`paises` (`id_pais`,`nombre_pais`,`codigo_pais`) VALUES (21,'Bélgica','BE');
INSERT INTO weathernow.`paises` (`id_pais`,`nombre_pais`,`codigo_pais`) VALUES (22,'Belice','BZ');
INSERT INTO weathernow.`paises` (`id_pais`,`nombre_pais`,`codigo_pais`) VALUES (23,'Benín','BJ');
INSERT INTO weathernow.`paises` (`id_pais`,`nombre_pais`,`codigo_pais`) VALUES (24,'Bermudas','BM');
INSERT INTO weathernow.`paises` (`id_pais`,`nombre_pais`,`codigo_pais`) VALUES (25,'Bielorrusia','BY');
INSERT INTO weathernow.`paises` (`id_pais`,`nombre_pais`,`codigo_pais`) VALUES (26,'Bolivia, Estado Plurinacional de','BO');
INSERT INTO weathernow.`paises` (`id_pais`,`nombre_pais`,`codigo_pais`) VALUES (27,'Bonaire, San Eustaquio y Saba','BQ');
INSERT INTO weathernow.`paises` (`id_pais`,`nombre_pais`,`codigo_pais`) VALUES (28,'Bosnia y Herzegovina','BA');
INSERT INTO weathernow.`paises` (`id_pais`,`nombre_pais`,`codigo_pais`) VALUES (29,'Botsuana','BW');
INSERT INTO weathernow.`paises` (`id_pais`,`nombre_pais`,`codigo_pais`) VALUES (30,'Brasil','BR');
INSERT INTO weathernow.`paises` (`id_pais`,`nombre_pais`,`codigo_pais`) VALUES (31,'Brunéi Darussalam','BN');
INSERT INTO weathernow.`paises` (`id_pais`,`nombre_pais`,`codigo_pais`) VALUES (32,'Bulgaria','BG');
INSERT INTO weathernow.`paises` (`id_pais`,`nombre_pais`,`codigo_pais`) VALUES (33,'Burkina Faso','BF');
INSERT INTO weathernow.`paises` (`id_pais`,`nombre_pais`,`codigo_pais`) VALUES (34,'Burundi','BI');
INSERT INTO weathernow.`paises` (`id_pais`,`nombre_pais`,`codigo_pais`) VALUES (35,'Bután','BT');
INSERT INTO weathernow.`paises` (`id_pais`,`nombre_pais`,`codigo_pais`) VALUES (36,'Cabo Verde','CV');
INSERT INTO weathernow.`paises` (`id_pais`,`nombre_pais`,`codigo_pais`) VALUES (37,'Camboya','KH');
INSERT INTO weathernow.`paises` (`id_pais`,`nombre_pais`,`codigo_pais`) VALUES (38,'Camerún','CM');
INSERT INTO weathernow.`paises` (`id_pais`,`nombre_pais`,`codigo_pais`) VALUES (39,'Canadá','CA');
INSERT INTO weathernow.`paises` (`id_pais`,`nombre_pais`,`codigo_pais`) VALUES (40,'Chad','TD');
INSERT INTO weathernow.`paises` (`id_pais`,`nombre_pais`,`codigo_pais`) VALUES (41,'Chile','CL');
INSERT INTO weathernow.`paises` (`id_pais`,`nombre_pais`,`codigo_pais`) VALUES (42,'China, República Popular','CN');
INSERT INTO weathernow.`paises` (`id_pais`,`nombre_pais`,`codigo_pais`) VALUES (43,'Chipre','CY');
INSERT INTO weathernow.`paises` (`id_pais`,`nombre_pais`,`codigo_pais`) VALUES (44,'Colombia','CO');
INSERT INTO weathernow.`paises` (`id_pais`,`nombre_pais`,`codigo_pais`) VALUES (45,'Comoras','KM');
INSERT INTO weathernow.`paises` (`id_pais`,`nombre_pais`,`codigo_pais`) VALUES (46,'Congo, La República Democrática del','CD');
INSERT INTO weathernow.`paises` (`id_pais`,`nombre_pais`,`codigo_pais`) VALUES (47,'Congo','CG');
INSERT INTO weathernow.`paises` (`id_pais`,`nombre_pais`,`codigo_pais`) VALUES (48,'Corea, República de','KR');
INSERT INTO weathernow.`paises` (`id_pais`,`nombre_pais`,`codigo_pais`) VALUES (49,'Corea, República Democrática Popular de','KP');
INSERT INTO weathernow.`paises` (`id_pais`,`nombre_pais`,`codigo_pais`) VALUES (50,'Costa de Marfil','CI');
INSERT INTO weathernow.`paises` (`id_pais`,`nombre_pais`,`codigo_pais`) VALUES (51,'Costa Rica','CR');
INSERT INTO weathernow.`paises` (`id_pais`,`nombre_pais`,`codigo_pais`) VALUES (52,'Croacia','HR');
INSERT INTO weathernow.`paises` (`id_pais`,`nombre_pais`,`codigo_pais`) VALUES (53,'Cuba','CU');
INSERT INTO weathernow.`paises` (`id_pais`,`nombre_pais`,`codigo_pais`) VALUES (54,'Curazao','CW');
INSERT INTO weathernow.`paises` (`id_pais`,`nombre_pais`,`codigo_pais`) VALUES (55,'Dinamarca','DK');
INSERT INTO weathernow.`paises` (`id_pais`,`nombre_pais`,`codigo_pais`) VALUES (56,'Dominica','DM');
INSERT INTO weathernow.`paises` (`id_pais`,`nombre_pais`,`codigo_pais`) VALUES (57,'Ecuador','EC');
INSERT INTO weathernow.`paises` (`id_pais`,`nombre_pais`,`codigo_pais`) VALUES (58,'Egipto','EG');
INSERT INTO weathernow.`paises` (`id_pais`,`nombre_pais`,`codigo_pais`) VALUES (59,'El Salvador','SV');
INSERT INTO weathernow.`paises` (`id_pais`,`nombre_pais`,`codigo_pais`) VALUES (60,'Emiratos Árabes Unidos','AE');
INSERT INTO weathernow.`paises` (`id_pais`,`nombre_pais`,`codigo_pais`) VALUES (61,'Eritrea','ER');
INSERT INTO weathernow.`paises` (`id_pais`,`nombre_pais`,`codigo_pais`) VALUES (62,'Eslovaquia','SK');
INSERT INTO weathernow.`paises` (`id_pais`,`nombre_pais`,`codigo_pais`) VALUES (63,'Eslovenia','SI');
INSERT INTO weathernow.`paises` (`id_pais`,`nombre_pais`,`codigo_pais`) VALUES (64,'España','ES');
INSERT INTO weathernow.`paises` (`id_pais`,`nombre_pais`,`codigo_pais`) VALUES (65,'Estados Unidos','US');
INSERT INTO weathernow.`paises` (`id_pais`,`nombre_pais`,`codigo_pais`) VALUES (66,'Estonia','EE');
INSERT INTO weathernow.`paises` (`id_pais`,`nombre_pais`,`codigo_pais`) VALUES (67,'Etiopía','ET');
INSERT INTO weathernow.`paises` (`id_pais`,`nombre_pais`,`codigo_pais`) VALUES (68,'Federacion Rusa','RU');
INSERT INTO weathernow.`paises` (`id_pais`,`nombre_pais`,`codigo_pais`) VALUES (69,'Filipinas','PH');
INSERT INTO weathernow.`paises` (`id_pais`,`nombre_pais`,`codigo_pais`) VALUES (70,'Finlandia','FI');
INSERT INTO weathernow.`paises` (`id_pais`,`nombre_pais`,`codigo_pais`) VALUES (71,'Fiyi','FJ');
INSERT INTO weathernow.`paises` (`id_pais`,`nombre_pais`,`codigo_pais`) VALUES (72,'Francia','FR');
INSERT INTO weathernow.`paises` (`id_pais`,`nombre_pais`,`codigo_pais`) VALUES (73,'Gabón','GA');
INSERT INTO weathernow.`paises` (`id_pais`,`nombre_pais`,`codigo_pais`) VALUES (74,'Gambia','GM');
INSERT INTO weathernow.`paises` (`id_pais`,`nombre_pais`,`codigo_pais`) VALUES (75,'Georgia','GE');
INSERT INTO weathernow.`paises` (`id_pais`,`nombre_pais`,`codigo_pais`) VALUES (76,'Ghana','GH');
INSERT INTO weathernow.`paises` (`id_pais`,`nombre_pais`,`codigo_pais`) VALUES (77,'Gibraltar','GI');
INSERT INTO weathernow.`paises` (`id_pais`,`nombre_pais`,`codigo_pais`) VALUES (78,'Granada','GD');
INSERT INTO weathernow.`paises` (`id_pais`,`nombre_pais`,`codigo_pais`) VALUES (79,'Grecia','GR');
INSERT INTO weathernow.`paises` (`id_pais`,`nombre_pais`,`codigo_pais`) VALUES (80,'Groenlandia','GL');
INSERT INTO weathernow.`paises` (`id_pais`,`nombre_pais`,`codigo_pais`) VALUES (81,'Guadalupe','GP');
INSERT INTO weathernow.`paises` (`id_pais`,`nombre_pais`,`codigo_pais`) VALUES (82,'Guam','GU');
INSERT INTO weathernow.`paises` (`id_pais`,`nombre_pais`,`codigo_pais`) VALUES (83,'Guatemala','GT');
INSERT INTO weathernow.`paises` (`id_pais`,`nombre_pais`,`codigo_pais`) VALUES (84,'Guayana Francesa','GF');
INSERT INTO weathernow.`paises` (`id_pais`,`nombre_pais`,`codigo_pais`) VALUES (85,'Guernsey','GG');
INSERT INTO weathernow.`paises` (`id_pais`,`nombre_pais`,`codigo_pais`) VALUES (86,'Guinea-Bisáu','GW');
INSERT INTO weathernow.`paises` (`id_pais`,`nombre_pais`,`codigo_pais`) VALUES (87,'Guinea Ecuatorial','GQ');
INSERT INTO weathernow.`paises` (`id_pais`,`nombre_pais`,`codigo_pais`) VALUES (88,'Guinea','GN');
INSERT INTO weathernow.`paises` (`id_pais`,`nombre_pais`,`codigo_pais`) VALUES (89,'Guyana','GY');
INSERT INTO weathernow.`paises` (`id_pais`,`nombre_pais`,`codigo_pais`) VALUES (90,'Haití','HT');
INSERT INTO weathernow.`paises` (`id_pais`,`nombre_pais`,`codigo_pais`) VALUES (91,'Honduras','HN');
INSERT INTO weathernow.`paises` (`id_pais`,`nombre_pais`,`codigo_pais`) VALUES (92,'Hong Kong','HK');
INSERT INTO weathernow.`paises` (`id_pais`,`nombre_pais`,`codigo_pais`) VALUES (93,'Hungría','HU');
INSERT INTO weathernow.`paises` (`id_pais`,`nombre_pais`,`codigo_pais`) VALUES (94,'India','IN');
INSERT INTO weathernow.`paises` (`id_pais`,`nombre_pais`,`codigo_pais`) VALUES (95,'Indonesia','ID');
INSERT INTO weathernow.`paises` (`id_pais`,`nombre_pais`,`codigo_pais`) VALUES (96,'Irak','IQ');
INSERT INTO weathernow.`paises` (`id_pais`,`nombre_pais`,`codigo_pais`) VALUES (97,'Irán, República Islámica de','IR');
INSERT INTO weathernow.`paises` (`id_pais`,`nombre_pais`,`codigo_pais`) VALUES (98,'Irlanda','IE');
INSERT INTO weathernow.`paises` (`id_pais`,`nombre_pais`,`codigo_pais`) VALUES (99,'Isla Bouvet','BV');
INSERT INTO weathernow.`paises` (`id_pais`,`nombre_pais`,`codigo_pais`) VALUES (100,'Isla de Man','IM');
INSERT INTO weathernow.`paises` (`id_pais`,`nombre_pais`,`codigo_pais`) VALUES (101,'Isla de Navidad','CX');
INSERT INTO weathernow.`paises` (`id_pais`,`nombre_pais`,`codigo_pais`) VALUES (102,'Isla Norfolk','NF');
INSERT INTO weathernow.`paises` (`id_pais`,`nombre_pais`,`codigo_pais`) VALUES (103,'Islandia','IS');
INSERT INTO weathernow.`paises` (`id_pais`,`nombre_pais`,`codigo_pais`) VALUES (104,'Islas Åland','AX');
INSERT INTO weathernow.`paises` (`id_pais`,`nombre_pais`,`codigo_pais`) VALUES (105,'Islas Caimán','KY');
INSERT INTO weathernow.`paises` (`id_pais`,`nombre_pais`,`codigo_pais`) VALUES (106,'Islas Cocos (Keeling)','CC');
INSERT INTO weathernow.`paises` (`id_pais`,`nombre_pais`,`codigo_pais`) VALUES (107,'Islas Cook','CK');
INSERT INTO weathernow.`paises` (`id_pais`,`nombre_pais`,`codigo_pais`) VALUES (108,'Islas Falkland (Malvinas)','FK');
INSERT INTO weathernow.`paises` (`id_pais`,`nombre_pais`,`codigo_pais`) VALUES (109,'Islas Feroe','FO');
INSERT INTO weathernow.`paises` (`id_pais`,`nombre_pais`,`codigo_pais`) VALUES (110,'Islas Georgias del Sur y Sandwich del Sur','GS');
INSERT INTO weathernow.`paises` (`id_pais`,`nombre_pais`,`codigo_pais`) VALUES (111,'Islas Heard y Mcdonald','HM');
INSERT INTO weathernow.`paises` (`id_pais`,`nombre_pais`,`codigo_pais`) VALUES (112,'Islas Marianas del Norte','MP');
INSERT INTO weathernow.`paises` (`id_pais`,`nombre_pais`,`codigo_pais`) VALUES (113,'Islas Marshall','MH');
INSERT INTO weathernow.`paises` (`id_pais`,`nombre_pais`,`codigo_pais`) VALUES (114,'Islas Salomón','SB');
INSERT INTO weathernow.`paises` (`id_pais`,`nombre_pais`,`codigo_pais`) VALUES (115,'Islas Turcas y Caicos','TC');
INSERT INTO weathernow.`paises` (`id_pais`,`nombre_pais`,`codigo_pais`) VALUES (116,'Islas Ultramarinas Menores de Estados Unidos','UM');
INSERT INTO weathernow.`paises` (`id_pais`,`nombre_pais`,`codigo_pais`) VALUES (117,'Islas Virgenes Británicas','VG');
INSERT INTO weathernow.`paises` (`id_pais`,`nombre_pais`,`codigo_pais`) VALUES (118,'Islas Virgenes de Los Estados Unidos','VI');
INSERT INTO weathernow.`paises` (`id_pais`,`nombre_pais`,`codigo_pais`) VALUES (119,'Israel','IL');
INSERT INTO weathernow.`paises` (`id_pais`,`nombre_pais`,`codigo_pais`) VALUES (120,'Italia','IT');
INSERT INTO weathernow.`paises` (`id_pais`,`nombre_pais`,`codigo_pais`) VALUES (121,'Jamaica','JM');
INSERT INTO weathernow.`paises` (`id_pais`,`nombre_pais`,`codigo_pais`) VALUES (122,'Japón','JP');
INSERT INTO weathernow.`paises` (`id_pais`,`nombre_pais`,`codigo_pais`) VALUES (123,'Jersey','JE');
INSERT INTO weathernow.`paises` (`id_pais`,`nombre_pais`,`codigo_pais`) VALUES (124,'Jordania','JO');
INSERT INTO weathernow.`paises` (`id_pais`,`nombre_pais`,`codigo_pais`) VALUES (125,'Kazajistán','KZ');
INSERT INTO weathernow.`paises` (`id_pais`,`nombre_pais`,`codigo_pais`) VALUES (126,'Kenia','KE');
INSERT INTO weathernow.`paises` (`id_pais`,`nombre_pais`,`codigo_pais`) VALUES (127,'Kirguistán','KG');
INSERT INTO weathernow.`paises` (`id_pais`,`nombre_pais`,`codigo_pais`) VALUES (128,'Kiribati','KI');
INSERT INTO weathernow.`paises` (`id_pais`,`nombre_pais`,`codigo_pais`) VALUES (129,'Kuwait','KW');
INSERT INTO weathernow.`paises` (`id_pais`,`nombre_pais`,`codigo_pais`) VALUES (130,'Lesoto','LS');
INSERT INTO weathernow.`paises` (`id_pais`,`nombre_pais`,`codigo_pais`) VALUES (131,'Letonia','LV');
INSERT INTO weathernow.`paises` (`id_pais`,`nombre_pais`,`codigo_pais`) VALUES (132,'Líbano','LB');
INSERT INTO weathernow.`paises` (`id_pais`,`nombre_pais`,`codigo_pais`) VALUES (133,'Liberia','LR');
INSERT INTO weathernow.`paises` (`id_pais`,`nombre_pais`,`codigo_pais`) VALUES (134,'Libia','LY');
INSERT INTO weathernow.`paises` (`id_pais`,`nombre_pais`,`codigo_pais`) VALUES (135,'Liechtenstein','LI');
INSERT INTO weathernow.`paises` (`id_pais`,`nombre_pais`,`codigo_pais`) VALUES (136,'Lituania','LT');
INSERT INTO weathernow.`paises` (`id_pais`,`nombre_pais`,`codigo_pais`) VALUES (137,'Luxemburgo','LU');
INSERT INTO weathernow.`paises` (`id_pais`,`nombre_pais`,`codigo_pais`) VALUES (138,'Macao','MO');
INSERT INTO weathernow.`paises` (`id_pais`,`nombre_pais`,`codigo_pais`) VALUES (139,'Macedonia, La Antigua República Yugoslava de','MK');
INSERT INTO weathernow.`paises` (`id_pais`,`nombre_pais`,`codigo_pais`) VALUES (140,'Madagascar','MG');
INSERT INTO weathernow.`paises` (`id_pais`,`nombre_pais`,`codigo_pais`) VALUES (141,'Malasia','MY');
INSERT INTO weathernow.`paises` (`id_pais`,`nombre_pais`,`codigo_pais`) VALUES (142,'Malaui','MW');
INSERT INTO weathernow.`paises` (`id_pais`,`nombre_pais`,`codigo_pais`) VALUES (143,'Maldivas','MV');
INSERT INTO weathernow.`paises` (`id_pais`,`nombre_pais`,`codigo_pais`) VALUES (144,'Malí','ML');
INSERT INTO weathernow.`paises` (`id_pais`,`nombre_pais`,`codigo_pais`) VALUES (145,'Malta','MT');
INSERT INTO weathernow.`paises` (`id_pais`,`nombre_pais`,`codigo_pais`) VALUES (146,'Marruecos','MA');
INSERT INTO weathernow.`paises` (`id_pais`,`nombre_pais`,`codigo_pais`) VALUES (147,'Martinica','MQ');
INSERT INTO weathernow.`paises` (`id_pais`,`nombre_pais`,`codigo_pais`) VALUES (148,'Mauricio','MU');
INSERT INTO weathernow.`paises` (`id_pais`,`nombre_pais`,`codigo_pais`) VALUES (149,'Mauritania','MR');
INSERT INTO weathernow.`paises` (`id_pais`,`nombre_pais`,`codigo_pais`) VALUES (150,'Mayotte','YT');
INSERT INTO weathernow.`paises` (`id_pais`,`nombre_pais`,`codigo_pais`) VALUES (151,'México','MX');
INSERT INTO weathernow.`paises` (`id_pais`,`nombre_pais`,`codigo_pais`) VALUES (152,'Micronesia, Estados Federados de','FM');
INSERT INTO weathernow.`paises` (`id_pais`,`nombre_pais`,`codigo_pais`) VALUES (153,'Moldavia, República de','MD');
INSERT INTO weathernow.`paises` (`id_pais`,`nombre_pais`,`codigo_pais`) VALUES (154,'Mónaco','MC');
INSERT INTO weathernow.`paises` (`id_pais`,`nombre_pais`,`codigo_pais`) VALUES (155,'Mongolia','MN');
INSERT INTO weathernow.`paises` (`id_pais`,`nombre_pais`,`codigo_pais`) VALUES (156,'Montenegro','ME');
INSERT INTO weathernow.`paises` (`id_pais`,`nombre_pais`,`codigo_pais`) VALUES (157,'Montserrat','MS');
INSERT INTO weathernow.`paises` (`id_pais`,`nombre_pais`,`codigo_pais`) VALUES (158,'Mozambique','MZ');
INSERT INTO weathernow.`paises` (`id_pais`,`nombre_pais`,`codigo_pais`) VALUES (159,'Myanmar','MM');
INSERT INTO weathernow.`paises` (`id_pais`,`nombre_pais`,`codigo_pais`) VALUES (160,'Nabimia','NA');
INSERT INTO weathernow.`paises` (`id_pais`,`nombre_pais`,`codigo_pais`) VALUES (161,'Nauru','NR');
INSERT INTO weathernow.`paises` (`id_pais`,`nombre_pais`,`codigo_pais`) VALUES (162,'Nepal','NP');
INSERT INTO weathernow.`paises` (`id_pais`,`nombre_pais`,`codigo_pais`) VALUES (163,'Nicaragua','NI');
INSERT INTO weathernow.`paises` (`id_pais`,`nombre_pais`,`codigo_pais`) VALUES (164,'Nigeria','NG');
INSERT INTO weathernow.`paises` (`id_pais`,`nombre_pais`,`codigo_pais`) VALUES (165,'Níger','NE');
INSERT INTO weathernow.`paises` (`id_pais`,`nombre_pais`,`codigo_pais`) VALUES (166,'Niue','NU');
INSERT INTO weathernow.`paises` (`id_pais`,`nombre_pais`,`codigo_pais`) VALUES (167,'Noruega','NO');
INSERT INTO weathernow.`paises` (`id_pais`,`nombre_pais`,`codigo_pais`) VALUES (168,'Nueva Caledonia','NC');
INSERT INTO weathernow.`paises` (`id_pais`,`nombre_pais`,`codigo_pais`) VALUES (169,'Nueva Zelanda','NZ');
INSERT INTO weathernow.`paises` (`id_pais`,`nombre_pais`,`codigo_pais`) VALUES (170,'Omán','OM');
INSERT INTO weathernow.`paises` (`id_pais`,`nombre_pais`,`codigo_pais`) VALUES (171,'Países Bajos','NL');
INSERT INTO weathernow.`paises` (`id_pais`,`nombre_pais`,`codigo_pais`) VALUES (172,'Pakistán','PK');
INSERT INTO weathernow.`paises` (`id_pais`,`nombre_pais`,`codigo_pais`) VALUES (173,'Palaos','PW');
INSERT INTO weathernow.`paises` (`id_pais`,`nombre_pais`,`codigo_pais`) VALUES (174,'Palestina, Estado de','PS');
INSERT INTO weathernow.`paises` (`id_pais`,`nombre_pais`,`codigo_pais`) VALUES (175,'Panamá','PA');
INSERT INTO weathernow.`paises` (`id_pais`,`nombre_pais`,`codigo_pais`) VALUES (176,'Papúa Nueva Guinea','PG');
INSERT INTO weathernow.`paises` (`id_pais`,`nombre_pais`,`codigo_pais`) VALUES (177,'Paraguay','PY');
INSERT INTO weathernow.`paises` (`id_pais`,`nombre_pais`,`codigo_pais`) VALUES (178,'Perú','PE');
INSERT INTO weathernow.`paises` (`id_pais`,`nombre_pais`,`codigo_pais`) VALUES (179,'Pitcairn','PN');
INSERT INTO weathernow.`paises` (`id_pais`,`nombre_pais`,`codigo_pais`) VALUES (180,'Polinesia Francesa','PF');
INSERT INTO weathernow.`paises` (`id_pais`,`nombre_pais`,`codigo_pais`) VALUES (181,'Polonia','PL');
INSERT INTO weathernow.`paises` (`id_pais`,`nombre_pais`,`codigo_pais`) VALUES (182,'Portugal','PT');
INSERT INTO weathernow.`paises` (`id_pais`,`nombre_pais`,`codigo_pais`) VALUES (183,'Puerto Rico','PR');
INSERT INTO weathernow.`paises` (`id_pais`,`nombre_pais`,`codigo_pais`) VALUES (184,'Qatar','QA');
INSERT INTO weathernow.`paises` (`id_pais`,`nombre_pais`,`codigo_pais`) VALUES (185,'Reino Unido','GB');
INSERT INTO weathernow.`paises` (`id_pais`,`nombre_pais`,`codigo_pais`) VALUES (186,'República Centroafricana','CF');
INSERT INTO weathernow.`paises` (`id_pais`,`nombre_pais`,`codigo_pais`) VALUES (187,'República Checa','CZ');
INSERT INTO weathernow.`paises` (`id_pais`,`nombre_pais`,`codigo_pais`) VALUES (188,'República Democrática Popular Lao','LA');
INSERT INTO weathernow.`paises` (`id_pais`,`nombre_pais`,`codigo_pais`) VALUES (189,'República Dominicana','DO');
INSERT INTO weathernow.`paises` (`id_pais`,`nombre_pais`,`codigo_pais`) VALUES (190,'Reunión','RE');
INSERT INTO weathernow.`paises` (`id_pais`,`nombre_pais`,`codigo_pais`) VALUES (191,'Ruanda','RW');
INSERT INTO weathernow.`paises` (`id_pais`,`nombre_pais`,`codigo_pais`) VALUES (192,'Rumania','RO');
INSERT INTO weathernow.`paises` (`id_pais`,`nombre_pais`,`codigo_pais`) VALUES (193,'Sahara Occidental','EH');
INSERT INTO weathernow.`paises` (`id_pais`,`nombre_pais`,`codigo_pais`) VALUES (194,'Samoa Americana','AS');
INSERT INTO weathernow.`paises` (`id_pais`,`nombre_pais`,`codigo_pais`) VALUES (195,'Samoa','WS');
INSERT INTO weathernow.`paises` (`id_pais`,`nombre_pais`,`codigo_pais`) VALUES (196,'San Bartolomé','BL');
INSERT INTO weathernow.`paises` (`id_pais`,`nombre_pais`,`codigo_pais`) VALUES (197,'San Cristóbal y Nieves','KN');
INSERT INTO weathernow.`paises` (`id_pais`,`nombre_pais`,`codigo_pais`) VALUES (198,'San Marino','SM');
INSERT INTO weathernow.`paises` (`id_pais`,`nombre_pais`,`codigo_pais`) VALUES (199,'San Martín (Parte Francesa)','MF');
INSERT INTO weathernow.`paises` (`id_pais`,`nombre_pais`,`codigo_pais`) VALUES (200,'San Pedro y Miquelón','PM');
INSERT INTO weathernow.`paises` (`id_pais`,`nombre_pais`,`codigo_pais`) VALUES (201,'San Vicente y Las Granadinas','VC');
INSERT INTO weathernow.`paises` (`id_pais`,`nombre_pais`,`codigo_pais`) VALUES (202,'Santa Helena, Ascensión y Tristán de Acuña','SH');
INSERT INTO weathernow.`paises` (`id_pais`,`nombre_pais`,`codigo_pais`) VALUES (203,'Santa Lucía','LC');
INSERT INTO weathernow.`paises` (`id_pais`,`nombre_pais`,`codigo_pais`) VALUES (204,'Santa Sede (Ciudad Estado Vaticano)','VA');
INSERT INTO weathernow.`paises` (`id_pais`,`nombre_pais`,`codigo_pais`) VALUES (205,'Santo Tomé y Principe','ST');
INSERT INTO weathernow.`paises` (`id_pais`,`nombre_pais`,`codigo_pais`) VALUES (206,'Senegal','SN');
INSERT INTO weathernow.`paises` (`id_pais`,`nombre_pais`,`codigo_pais`) VALUES (207,'Serbia','RS');
INSERT INTO weathernow.`paises` (`id_pais`,`nombre_pais`,`codigo_pais`) VALUES (208,'Seychelles','SC');
INSERT INTO weathernow.`paises` (`id_pais`,`nombre_pais`,`codigo_pais`) VALUES (209,'Sierra Leona','SL');
INSERT INTO weathernow.`paises` (`id_pais`,`nombre_pais`,`codigo_pais`) VALUES (210,'Singapur','SG');
INSERT INTO weathernow.`paises` (`id_pais`,`nombre_pais`,`codigo_pais`) VALUES (211,'Sint Maarten (Parte Neerlandesa)','SX');
INSERT INTO weathernow.`paises` (`id_pais`,`nombre_pais`,`codigo_pais`) VALUES (212,'Siria, República Arabe de','SY');
INSERT INTO weathernow.`paises` (`id_pais`,`nombre_pais`,`codigo_pais`) VALUES (213,'Somalia','SO');
INSERT INTO weathernow.`paises` (`id_pais`,`nombre_pais`,`codigo_pais`) VALUES (214,'Sri Lanka','LK');
INSERT INTO weathernow.`paises` (`id_pais`,`nombre_pais`,`codigo_pais`) VALUES (215,'Suazilandia','SZ');
INSERT INTO weathernow.`paises` (`id_pais`,`nombre_pais`,`codigo_pais`) VALUES (216,'Sudáfrica','ZA');
INSERT INTO weathernow.`paises` (`id_pais`,`nombre_pais`,`codigo_pais`) VALUES (217,'Sudán del Sur','SS');
INSERT INTO weathernow.`paises` (`id_pais`,`nombre_pais`,`codigo_pais`) VALUES (218,'Sudán','SD');
INSERT INTO weathernow.`paises` (`id_pais`,`nombre_pais`,`codigo_pais`) VALUES (219,'Suecia','SE');
INSERT INTO weathernow.`paises` (`id_pais`,`nombre_pais`,`codigo_pais`) VALUES (220,'Suiza','CH');
INSERT INTO weathernow.`paises` (`id_pais`,`nombre_pais`,`codigo_pais`) VALUES (221,'Surinam','SR');
INSERT INTO weathernow.`paises` (`id_pais`,`nombre_pais`,`codigo_pais`) VALUES (222,'Svalbard y Jan Mayen','SJ');
INSERT INTO weathernow.`paises` (`id_pais`,`nombre_pais`,`codigo_pais`) VALUES (223,'Tailandia','TH');
INSERT INTO weathernow.`paises` (`id_pais`,`nombre_pais`,`codigo_pais`) VALUES (224,'Taiwán, Provincia de China','TW');
INSERT INTO weathernow.`paises` (`id_pais`,`nombre_pais`,`codigo_pais`) VALUES (225,'Tanzania, República Unida de','TZ');
INSERT INTO weathernow.`paises` (`id_pais`,`nombre_pais`,`codigo_pais`) VALUES (226,'Tayikistán','TJ');
INSERT INTO weathernow.`paises` (`id_pais`,`nombre_pais`,`codigo_pais`) VALUES (227,'Territorio Británico del Océano Índico','IO');
INSERT INTO weathernow.`paises` (`id_pais`,`nombre_pais`,`codigo_pais`) VALUES (228,'Territorios Australes Franceses','TF');
INSERT INTO weathernow.`paises` (`id_pais`,`nombre_pais`,`codigo_pais`) VALUES (229,'Timor-Leste','TL');
INSERT INTO weathernow.`paises` (`id_pais`,`nombre_pais`,`codigo_pais`) VALUES (230,'Togo','TG');
INSERT INTO weathernow.`paises` (`id_pais`,`nombre_pais`,`codigo_pais`) VALUES (231,'Tokelau','TK');
INSERT INTO weathernow.`paises` (`id_pais`,`nombre_pais`,`codigo_pais`) VALUES (232,'Tonga','TO');
INSERT INTO weathernow.`paises` (`id_pais`,`nombre_pais`,`codigo_pais`) VALUES (233,'Trinidad y Tobago','TT');
INSERT INTO weathernow.`paises` (`id_pais`,`nombre_pais`,`codigo_pais`) VALUES (234,'Túnez','TN');
INSERT INTO weathernow.`paises` (`id_pais`,`nombre_pais`,`codigo_pais`) VALUES (235,'Turkmenistán','TM');
INSERT INTO weathernow.`paises` (`id_pais`,`nombre_pais`,`codigo_pais`) VALUES (236,'Turquía','TR');
INSERT INTO weathernow.`paises` (`id_pais`,`nombre_pais`,`codigo_pais`) VALUES (237,'Tuvalu','TV');
INSERT INTO weathernow.`paises` (`id_pais`,`nombre_pais`,`codigo_pais`) VALUES (238,'Ucrania','UA');
INSERT INTO weathernow.`paises` (`id_pais`,`nombre_pais`,`codigo_pais`) VALUES (239,'Uganda','UG');
INSERT INTO weathernow.`paises` (`id_pais`,`nombre_pais`,`codigo_pais`) VALUES (240,'Uruguay','UY');
INSERT INTO weathernow.`paises` (`id_pais`,`nombre_pais`,`codigo_pais`) VALUES (241,'Uzbekistán','UZ');
INSERT INTO weathernow.`paises` (`id_pais`,`nombre_pais`,`codigo_pais`) VALUES (242,'Vanuatu','VU');
INSERT INTO weathernow.`paises` (`id_pais`,`nombre_pais`,`codigo_pais`) VALUES (243,'Venezuela, República Bolivariana de','VE');
INSERT INTO weathernow.`paises` (`id_pais`,`nombre_pais`,`codigo_pais`) VALUES (244,'Viet Nam','VN');
INSERT INTO weathernow.`paises` (`id_pais`,`nombre_pais`,`codigo_pais`) VALUES (245,'Wallis y Futuna','WF');
INSERT INTO weathernow.`paises` (`id_pais`,`nombre_pais`,`codigo_pais`) VALUES (246,'Yemen','YE');
INSERT INTO weathernow.`paises` (`id_pais`,`nombre_pais`,`codigo_pais`) VALUES (247,'Yibuti','DJ');
INSERT INTO weathernow.`paises` (`id_pais`,`nombre_pais`,`codigo_pais`) VALUES (248,'Zambia','ZM');
INSERT INTO weathernow.`paises` (`id_pais`,`nombre_pais`,`codigo_pais`) VALUES (249,'Zimbabue','ZW');

/*
-- Query: SELECT * FROM weathernow.ciudades
-- Date: 2017-04-27 00:00
*/
INSERT INTO weathernow.`ciudades` (`id_ciu`,`nombre_ciu`,`id_pais`) VALUES (1,'madrid',64);
INSERT INTO weathernow.`ciudades` (`id_ciu`,`nombre_ciu`,`id_pais`) VALUES (2,'zaragoza',64);
INSERT INTO weathernow.`ciudades` (`id_ciu`,`nombre_ciu`,`id_pais`) VALUES (3,'soria',64);
INSERT INTO weathernow.`ciudades` (`id_ciu`,`nombre_ciu`,`id_pais`) VALUES (4,'roma',120);
INSERT INTO weathernow.`ciudades` (`id_ciu`,`nombre_ciu`,`id_pais`) VALUES (5,'londres',185);
INSERT INTO weathernow.`ciudades` (`id_ciu`,`nombre_ciu`,`id_pais`) VALUES (6,'edinburgo',185);
INSERT INTO weathernow.`ciudades` (`id_ciu`,`nombre_ciu`,`id_pais`) VALUES (7,'paris',72);
INSERT INTO weathernow.`ciudades` (`id_ciu`,`nombre_ciu`,`id_pais`) VALUES (8,'oslo',219);

/*
-- Query: SELECT * FROM weathernow.estadoscielo
-- Date: 2017-04-27 00:02
*/
INSERT INTO weathernow.`estadoscielo` (`id_est`,`estado`) VALUES (1,'despejado');
INSERT INTO weathernow.`estadoscielo` (`id_est`,`estado`) VALUES (2,'nuves y claros');
INSERT INTO weathernow.`estadoscielo` (`id_est`,`estado`) VALUES (3,'nublado');
INSERT INTO weathernow.`estadoscielo` (`id_est`,`estado`) VALUES (4,'niebla');
INSERT INTO weathernow.`estadoscielo` (`id_est`,`estado`) VALUES (5,'nublado');
INSERT INTO weathernow.`estadoscielo` (`id_est`,`estado`) VALUES (6,'lluvia');
INSERT INTO weathernow.`estadoscielo` (`id_est`,`estado`) VALUES (7,'tormenta');

/*
-- Query: SELECT * FROM weathernow.usuarios
-- Date: 2017-04-27 00:01
*/
INSERT INTO weathernow.`usuarios` (`id_usu`,`clave_usu`,`correo_usu`,`privilegio_usu`,`nombre_usu`) VALUES (1,'admin','admin@admin.com','admin','admin');

/*
-- Query: SELECT * FROM weathernow.registros
-- Date: 2017-05-28 00:07
*/
INSERT INTO `weathernow.registros` (`id_reg`,`fecha_reg`,`id_ciu`,`temperatura`,`id_usu`,`id_est`) VALUES (1,'2017-04-26',8,0,1,1);
INSERT INTO `weathernow.registros` (`id_reg`,`fecha_reg`,`id_ciu`,`temperatura`,`id_usu`,`id_est`) VALUES (8,'2017-04-27',7,0,1,1);
INSERT INTO `weathernow.registros` (`id_reg`,`fecha_reg`,`id_ciu`,`temperatura`,`id_usu`,`id_est`) VALUES (9,'2017-04-27',5,0,1,5);
INSERT INTO `weathernow.registros` (`id_reg`,`fecha_reg`,`id_ciu`,`temperatura`,`id_usu`,`id_est`) VALUES (10,'2017-04-27',4,0,1,3);
INSERT INTO `weathernow.registros` (`id_reg`,`fecha_reg`,`id_ciu`,`temperatura`,`id_usu`,`id_est`) VALUES (12,'2017-04-27',8,0,1,1);
INSERT INTO `weathernow.registros` (`id_reg`,`fecha_reg`,`id_ciu`,`temperatura`,`id_usu`,`id_est`) VALUES (14,'2017-04-28',8,15,1,1);
INSERT INTO `weathernow.registros` (`id_reg`,`fecha_reg`,`id_ciu`,`temperatura`,`id_usu`,`id_est`) VALUES (15,'2017-04-29',8,16,1,1);
INSERT INTO `weathernow.registros` (`id_reg`,`fecha_reg`,`id_ciu`,`temperatura`,`id_usu`,`id_est`) VALUES (16,'2017-04-30',8,17,1,1);
INSERT INTO `weathernow.registros` (`id_reg`,`fecha_reg`,`id_ciu`,`temperatura`,`id_usu`,`id_est`) VALUES (17,'2017-05-01',8,18,1,1);
INSERT INTO `weathernow.registros` (`id_reg`,`fecha_reg`,`id_ciu`,`temperatura`,`id_usu`,`id_est`) VALUES (18,'2017-05-02',8,19,1,1);
INSERT INTO `weathernow.registros` (`id_reg`,`fecha_reg`,`id_ciu`,`temperatura`,`id_usu`,`id_est`) VALUES (19,'2017-05-03',8,20,1,1);
INSERT INTO `weathernow.registros` (`id_reg`,`fecha_reg`,`id_ciu`,`temperatura`,`id_usu`,`id_est`) VALUES (20,'2017-05-04',8,21,1,1);
INSERT INTO `weathernow.registros` (`id_reg`,`fecha_reg`,`id_ciu`,`temperatura`,`id_usu`,`id_est`) VALUES (23,'2017-05-01',5,0,1,6);
INSERT INTO `weathernow.registros` (`id_reg`,`fecha_reg`,`id_ciu`,`temperatura`,`id_usu`,`id_est`) VALUES (25,'2017-05-01',1,0,1,4);
INSERT INTO `weathernow.registros` (`id_reg`,`fecha_reg`,`id_ciu`,`temperatura`,`id_usu`,`id_est`) VALUES (27,'2017-05-01',3,0,1,6);
INSERT INTO `weathernow.registros` (`id_reg`,`fecha_reg`,`id_ciu`,`temperatura`,`id_usu`,`id_est`) VALUES (28,'2017-05-01',2,0,1,6);
INSERT INTO `weathernow.registros` (`id_reg`,`fecha_reg`,`id_ciu`,`temperatura`,`id_usu`,`id_est`) VALUES (29,'2017-05-01',6,0,1,5);
INSERT INTO `weathernow.registros` (`id_reg`,`fecha_reg`,`id_ciu`,`temperatura`,`id_usu`,`id_est`) VALUES (30,'2017-05-19',3,0,1,4);
INSERT INTO `weathernow.registros` (`id_reg`,`fecha_reg`,`id_ciu`,`temperatura`,`id_usu`,`id_est`) VALUES (31,'2017-05-19',6,0,1,3);
INSERT INTO `weathernow.registros` (`id_reg`,`fecha_reg`,`id_ciu`,`temperatura`,`id_usu`,`id_est`) VALUES (34,'2017-05-23',2,24,1,2);
INSERT INTO `weathernow.registros` (`id_reg`,`fecha_reg`,`id_ciu`,`temperatura`,`id_usu`,`id_est`) VALUES (36,'2017-05-25',2,24,1,2);
INSERT INTO `weathernow.registros` (`id_reg`,`fecha_reg`,`id_ciu`,`temperatura`,`id_usu`,`id_est`) VALUES (37,'2017-05-26',2,24,1,2);
INSERT INTO `weathernow.registros` (`id_reg`,`fecha_reg`,`id_ciu`,`temperatura`,`id_usu`,`id_est`) VALUES (39,'2017-05-20',1,24,1,2);
INSERT INTO `weathernow.registros` (`id_reg`,`fecha_reg`,`id_ciu`,`temperatura`,`id_usu`,`id_est`) VALUES (40,'2017-05-21',1,23,1,2);
INSERT INTO `weathernow.registros` (`id_reg`,`fecha_reg`,`id_ciu`,`temperatura`,`id_usu`,`id_est`) VALUES (41,'2017-05-22',1,24,1,1);
INSERT INTO `weathernow.registros` (`id_reg`,`fecha_reg`,`id_ciu`,`temperatura`,`id_usu`,`id_est`) VALUES (42,'2017-05-23',1,23,1,2);
INSERT INTO `weathernow.registros` (`id_reg`,`fecha_reg`,`id_ciu`,`temperatura`,`id_usu`,`id_est`) VALUES (43,'2017-05-24',1,24,1,3);
INSERT INTO `weathernow.registros` (`id_reg`,`fecha_reg`,`id_ciu`,`temperatura`,`id_usu`,`id_est`) VALUES (44,'2017-05-25',1,24,1,4);
INSERT INTO `weathernow.registros` (`id_reg`,`fecha_reg`,`id_ciu`,`temperatura`,`id_usu`,`id_est`) VALUES (45,'2017-05-26',1,22,1,2);
INSERT INTO `weathernow.registros` (`id_reg`,`fecha_reg`,`id_ciu`,`temperatura`,`id_usu`,`id_est`) VALUES (46,'2017-05-27',1,24,1,5);
INSERT INTO `weathernow.registros` (`id_reg`,`fecha_reg`,`id_ciu`,`temperatura`,`id_usu`,`id_est`) VALUES (47,'2017-05-20',2,24,1,2);
INSERT INTO `weathernow.registros` (`id_reg`,`fecha_reg`,`id_ciu`,`temperatura`,`id_usu`,`id_est`) VALUES (48,'2017-05-21',2,23,1,2);
INSERT INTO `weathernow.registros` (`id_reg`,`fecha_reg`,`id_ciu`,`temperatura`,`id_usu`,`id_est`) VALUES (49,'2017-05-22',2,24,1,1);
INSERT INTO `weathernow.registros` (`id_reg`,`fecha_reg`,`id_ciu`,`temperatura`,`id_usu`,`id_est`) VALUES (51,'2017-05-24',2,24,1,3);
INSERT INTO `weathernow.registros` (`id_reg`,`fecha_reg`,`id_ciu`,`temperatura`,`id_usu`,`id_est`) VALUES (54,'2017-05-27',2,24,1,5);
INSERT INTO `weathernow.registros` (`id_reg`,`fecha_reg`,`id_ciu`,`temperatura`,`id_usu`,`id_est`) VALUES (55,'2017-05-20',3,24,1,2);
INSERT INTO `weathernow.registros` (`id_reg`,`fecha_reg`,`id_ciu`,`temperatura`,`id_usu`,`id_est`) VALUES (56,'2017-05-21',3,23,1,2);
INSERT INTO `weathernow.registros` (`id_reg`,`fecha_reg`,`id_ciu`,`temperatura`,`id_usu`,`id_est`) VALUES (57,'2017-05-22',3,24,1,1);
INSERT INTO `weathernow.registros` (`id_reg`,`fecha_reg`,`id_ciu`,`temperatura`,`id_usu`,`id_est`) VALUES (58,'2017-05-23',3,23,1,2);
INSERT INTO `weathernow.registros` (`id_reg`,`fecha_reg`,`id_ciu`,`temperatura`,`id_usu`,`id_est`) VALUES (59,'2017-05-24',3,24,1,3);
INSERT INTO `weathernow.registros` (`id_reg`,`fecha_reg`,`id_ciu`,`temperatura`,`id_usu`,`id_est`) VALUES (60,'2017-05-25',3,24,1,4);
INSERT INTO `weathernow.registros` (`id_reg`,`fecha_reg`,`id_ciu`,`temperatura`,`id_usu`,`id_est`) VALUES (61,'2017-05-26',3,22,1,2);
INSERT INTO `weathernow.registros` (`id_reg`,`fecha_reg`,`id_ciu`,`temperatura`,`id_usu`,`id_est`) VALUES (62,'2017-05-27',3,24,1,5);
INSERT INTO `weathernow.registros` (`id_reg`,`fecha_reg`,`id_ciu`,`temperatura`,`id_usu`,`id_est`) VALUES (63,'2017-05-20',4,14,1,2);
INSERT INTO `weathernow.registros` (`id_reg`,`fecha_reg`,`id_ciu`,`temperatura`,`id_usu`,`id_est`) VALUES (64,'2017-05-21',4,13,1,2);
INSERT INTO `weathernow.registros` (`id_reg`,`fecha_reg`,`id_ciu`,`temperatura`,`id_usu`,`id_est`) VALUES (65,'2017-05-22',4,14,1,1);
INSERT INTO `weathernow.registros` (`id_reg`,`fecha_reg`,`id_ciu`,`temperatura`,`id_usu`,`id_est`) VALUES (66,'2017-05-23',4,13,1,2);
INSERT INTO `weathernow.registros` (`id_reg`,`fecha_reg`,`id_ciu`,`temperatura`,`id_usu`,`id_est`) VALUES (67,'2017-05-24',4,14,1,3);
INSERT INTO `weathernow.registros` (`id_reg`,`fecha_reg`,`id_ciu`,`temperatura`,`id_usu`,`id_est`) VALUES (68,'2017-05-25',4,14,1,4);
INSERT INTO `weathernow.registros` (`id_reg`,`fecha_reg`,`id_ciu`,`temperatura`,`id_usu`,`id_est`) VALUES (69,'2017-05-26',4,12,1,2);
INSERT INTO `weathernow.registros` (`id_reg`,`fecha_reg`,`id_ciu`,`temperatura`,`id_usu`,`id_est`) VALUES (70,'2017-05-27',4,14,1,5);
INSERT INTO `weathernow.registros` (`id_reg`,`fecha_reg`,`id_ciu`,`temperatura`,`id_usu`,`id_est`) VALUES (73,'2017-05-22',5,14,1,1);
INSERT INTO `weathernow.registros` (`id_reg`,`fecha_reg`,`id_ciu`,`temperatura`,`id_usu`,`id_est`) VALUES (77,'2017-05-26',5,12,1,2);
INSERT INTO `weathernow.registros` (`id_reg`,`fecha_reg`,`id_ciu`,`temperatura`,`id_usu`,`id_est`) VALUES (78,'2017-05-27',5,14,1,5);
INSERT INTO `weathernow.registros` (`id_reg`,`fecha_reg`,`id_ciu`,`temperatura`,`id_usu`,`id_est`) VALUES (80,'2017-05-20',5,14,1,2);
INSERT INTO `weathernow.registros` (`id_reg`,`fecha_reg`,`id_ciu`,`temperatura`,`id_usu`,`id_est`) VALUES (81,'2017-05-21',5,13,1,2);
INSERT INTO `weathernow.registros` (`id_reg`,`fecha_reg`,`id_ciu`,`temperatura`,`id_usu`,`id_est`) VALUES (83,'2017-05-23',5,13,1,2);
INSERT INTO `weathernow.registros` (`id_reg`,`fecha_reg`,`id_ciu`,`temperatura`,`id_usu`,`id_est`) VALUES (88,'2017-01-03',2,0,1,1);
INSERT INTO `weathernow.registros` (`id_reg`,`fecha_reg`,`id_ciu`,`temperatura`,`id_usu`,`id_est`) VALUES (93,'2017-05-24',5,14,1,3);
INSERT INTO `weathernow.registros` (`id_reg`,`fecha_reg`,`id_ciu`,`temperatura`,`id_usu`,`id_est`) VALUES (94,'2017-05-25',5,14,1,4);
INSERT INTO `weathernow.registros` (`id_reg`,`fecha_reg`,`id_ciu`,`temperatura`,`id_usu`,`id_est`) VALUES (102,'2017-05-23',8,0,1,1);
INSERT INTO `weathernow.registros` (`id_reg`,`fecha_reg`,`id_ciu`,`temperatura`,`id_usu`,`id_est`) VALUES (103,'2017-05-24',8,0,1,2);
INSERT INTO `weathernow.registros` (`id_reg`,`fecha_reg`,`id_ciu`,`temperatura`,`id_usu`,`id_est`) VALUES (104,'2017-05-25',8,0,1,3);
INSERT INTO `weathernow.registros` (`id_reg`,`fecha_reg`,`id_ciu`,`temperatura`,`id_usu`,`id_est`) VALUES (105,'2017-05-26',8,0,1,3);
INSERT INTO `weathernow.registros` (`id_reg`,`fecha_reg`,`id_ciu`,`temperatura`,`id_usu`,`id_est`) VALUES (106,'2017-05-27',8,0,1,4);
INSERT INTO `weathernow.registros` (`id_reg`,`fecha_reg`,`id_ciu`,`temperatura`,`id_usu`,`id_est`) VALUES (107,'2017-05-28',8,0,1,6);
INSERT INTO `weathernow.registros` (`id_reg`,`fecha_reg`,`id_ciu`,`temperatura`,`id_usu`,`id_est`) VALUES (108,'2017-05-29',8,0,1,7);
INSERT INTO `weathernow.registros` (`id_reg`,`fecha_reg`,`id_ciu`,`temperatura`,`id_usu`,`id_est`) VALUES (109,'2017-05-26',7,23,1,NULL);
INSERT INTO `weathernow.registros` (`id_reg`,`fecha_reg`,`id_ciu`,`temperatura`,`id_usu`,`id_est`) VALUES (110,'2017-05-27',7,23,1,NULL);
INSERT INTO `weathernow.registros` (`id_reg`,`fecha_reg`,`id_ciu`,`temperatura`,`id_usu`,`id_est`) VALUES (111,'2017-05-28',7,23,1,NULL);
INSERT INTO `weathernow.registros` (`id_reg`,`fecha_reg`,`id_ciu`,`temperatura`,`id_usu`,`id_est`) VALUES (112,'2017-05-29',7,16,1,NULL);
INSERT INTO `weathernow.registros` (`id_reg`,`fecha_reg`,`id_ciu`,`temperatura`,`id_usu`,`id_est`) VALUES (113,'2017-05-28',9,25,1,1);
INSERT INTO `weathernow.registros` (`id_reg`,`fecha_reg`,`id_ciu`,`temperatura`,`id_usu`,`id_est`) VALUES (114,'2017-05-29',9,26,1,2);
INSERT INTO `weathernow.registros` (`id_reg`,`fecha_reg`,`id_ciu`,`temperatura`,`id_usu`,`id_est`) VALUES (115,'2017-05-30',9,50,1,3);
INSERT INTO `weathernow.registros` (`id_reg`,`fecha_reg`,`id_ciu`,`temperatura`,`id_usu`,`id_est`) VALUES (116,'2017-05-31',9,28,1,1);
INSERT INTO `weathernow.registros` (`id_reg`,`fecha_reg`,`id_ciu`,`temperatura`,`id_usu`,`id_est`) VALUES (117,'2017-06-01',9,40,1,5);
INSERT INTO `weathernow.registros` (`id_reg`,`fecha_reg`,`id_ciu`,`temperatura`,`id_usu`,`id_est`) VALUES (118,'2017-06-02',9,30,1,6);
INSERT INTO `weathernow.registros` (`id_reg`,`fecha_reg`,`id_ciu`,`temperatura`,`id_usu`,`id_est`) VALUES (119,'2017-06-03',9,31,1,7);
INSERT INTO `weathernow.registros` (`id_reg`,`fecha_reg`,`id_ciu`,`temperatura`,`id_usu`,`id_est`) VALUES (120,'2017-06-04',9,23,1,2);
INSERT INTO `weathernow.registros` (`id_reg`,`fecha_reg`,`id_ciu`,`temperatura`,`id_usu`,`id_est`) VALUES (121,'2017-06-05',9,25,1,1);
INSERT INTO `weathernow.registros` (`id_reg`,`fecha_reg`,`id_ciu`,`temperatura`,`id_usu`,`id_est`) VALUES (122,'2017-06-06',9,26,1,2);
INSERT INTO `weathernow.registros` (`id_reg`,`fecha_reg`,`id_ciu`,`temperatura`,`id_usu`,`id_est`) VALUES (123,'2017-06-07',9,50,1,3);
INSERT INTO `weathernow.registros` (`id_reg`,`fecha_reg`,`id_ciu`,`temperatura`,`id_usu`,`id_est`) VALUES (124,'2017-06-08',9,28,1,1);
INSERT INTO `weathernow.registros` (`id_reg`,`fecha_reg`,`id_ciu`,`temperatura`,`id_usu`,`id_est`) VALUES (125,'2017-06-09',9,40,1,5);
INSERT INTO `weathernow.registros` (`id_reg`,`fecha_reg`,`id_ciu`,`temperatura`,`id_usu`,`id_est`) VALUES (126,'2017-06-10',9,30,1,6);
INSERT INTO `weathernow.registros` (`id_reg`,`fecha_reg`,`id_ciu`,`temperatura`,`id_usu`,`id_est`) VALUES (127,'2017-06-11',9,31,1,7);
INSERT INTO `weathernow.registros` (`id_reg`,`fecha_reg`,`id_ciu`,`temperatura`,`id_usu`,`id_est`) VALUES (128,'2017-06-12',9,23,1,2);
INSERT INTO `weathernow.registros` (`id_reg`,`fecha_reg`,`id_ciu`,`temperatura`,`id_usu`,`id_est`) VALUES (129,'2017-06-13',9,25,1,1);
INSERT INTO `weathernow.registros` (`id_reg`,`fecha_reg`,`id_ciu`,`temperatura`,`id_usu`,`id_est`) VALUES (130,'2017-06-14',9,26,1,2);
INSERT INTO `weathernow.registros` (`id_reg`,`fecha_reg`,`id_ciu`,`temperatura`,`id_usu`,`id_est`) VALUES (131,'2017-06-15',9,50,1,3);
INSERT INTO `weathernow.registros` (`id_reg`,`fecha_reg`,`id_ciu`,`temperatura`,`id_usu`,`id_est`) VALUES (132,'2017-06-16',9,28,1,1);
INSERT INTO `weathernow.registros` (`id_reg`,`fecha_reg`,`id_ciu`,`temperatura`,`id_usu`,`id_est`) VALUES (133,'2017-06-17',9,40,1,5);
INSERT INTO `weathernow.registros` (`id_reg`,`fecha_reg`,`id_ciu`,`temperatura`,`id_usu`,`id_est`) VALUES (134,'2017-06-18',9,30,1,6);
INSERT INTO `weathernow.registros` (`id_reg`,`fecha_reg`,`id_ciu`,`temperatura`,`id_usu`,`id_est`) VALUES (135,'2017-06-19',9,31,1,7);
INSERT INTO `weathernow.registros` (`id_reg`,`fecha_reg`,`id_ciu`,`temperatura`,`id_usu`,`id_est`) VALUES (136,'2017-06-20',9,23,1,2);
INSERT INTO `weathernow.registros` (`id_reg`,`fecha_reg`,`id_ciu`,`temperatura`,`id_usu`,`id_est`) VALUES (137,'2017-06-21',9,25,1,1);
INSERT INTO `weathernow.registros` (`id_reg`,`fecha_reg`,`id_ciu`,`temperatura`,`id_usu`,`id_est`) VALUES (138,'2017-06-22',9,26,1,2);
INSERT INTO `weathernow.registros` (`id_reg`,`fecha_reg`,`id_ciu`,`temperatura`,`id_usu`,`id_est`) VALUES (139,'2017-06-23',9,50,1,3);
INSERT INTO `weathernow.registros` (`id_reg`,`fecha_reg`,`id_ciu`,`temperatura`,`id_usu`,`id_est`) VALUES (140,'2017-06-24',9,28,1,1);
INSERT INTO `weathernow.registros` (`id_reg`,`fecha_reg`,`id_ciu`,`temperatura`,`id_usu`,`id_est`) VALUES (141,'2017-06-25',9,40,1,5);
INSERT INTO `weathernow.registros` (`id_reg`,`fecha_reg`,`id_ciu`,`temperatura`,`id_usu`,`id_est`) VALUES (142,'2017-06-26',9,30,1,6);
INSERT INTO `weathernow.registros` (`id_reg`,`fecha_reg`,`id_ciu`,`temperatura`,`id_usu`,`id_est`) VALUES (143,'2017-06-27',9,31,1,7);
INSERT INTO `weathernow.registros` (`id_reg`,`fecha_reg`,`id_ciu`,`temperatura`,`id_usu`,`id_est`) VALUES (144,'2017-06-28',9,23,1,2);
INSERT INTO `weathernow.registros` (`id_reg`,`fecha_reg`,`id_ciu`,`temperatura`,`id_usu`,`id_est`) VALUES (145,'2017-06-29',9,31,1,7);
INSERT INTO `weathernow.registros` (`id_reg`,`fecha_reg`,`id_ciu`,`temperatura`,`id_usu`,`id_est`) VALUES (146,'2017-06-30',9,23,1,2);
INSERT INTO `weathernow.registros` (`id_reg`,`fecha_reg`,`id_ciu`,`temperatura`,`id_usu`,`id_est`) VALUES (147,'2017-05-28',10,26,1,1);
INSERT INTO `weathernow.registros` (`id_reg`,`fecha_reg`,`id_ciu`,`temperatura`,`id_usu`,`id_est`) VALUES (148,'2017-05-29',10,26,1,2);
INSERT INTO `weathernow.registros` (`id_reg`,`fecha_reg`,`id_ciu`,`temperatura`,`id_usu`,`id_est`) VALUES (149,'2017-05-30',10,50,1,3);
INSERT INTO `weathernow.registros` (`id_reg`,`fecha_reg`,`id_ciu`,`temperatura`,`id_usu`,`id_est`) VALUES (150,'2017-05-31',10,23,1,1);
INSERT INTO `weathernow.registros` (`id_reg`,`fecha_reg`,`id_ciu`,`temperatura`,`id_usu`,`id_est`) VALUES (151,'2017-06-01',10,40,1,5);
INSERT INTO `weathernow.registros` (`id_reg`,`fecha_reg`,`id_ciu`,`temperatura`,`id_usu`,`id_est`) VALUES (152,'2017-06-02',10,30,1,6);
INSERT INTO `weathernow.registros` (`id_reg`,`fecha_reg`,`id_ciu`,`temperatura`,`id_usu`,`id_est`) VALUES (153,'2017-06-03',10,36,1,7);
INSERT INTO `weathernow.registros` (`id_reg`,`fecha_reg`,`id_ciu`,`temperatura`,`id_usu`,`id_est`) VALUES (154,'2017-06-04',10,23,1,2);
INSERT INTO `weathernow.registros` (`id_reg`,`fecha_reg`,`id_ciu`,`temperatura`,`id_usu`,`id_est`) VALUES (155,'2017-06-05',10,26,1,1);
INSERT INTO `weathernow.registros` (`id_reg`,`fecha_reg`,`id_ciu`,`temperatura`,`id_usu`,`id_est`) VALUES (156,'2017-06-06',10,26,1,2);
INSERT INTO `weathernow.registros` (`id_reg`,`fecha_reg`,`id_ciu`,`temperatura`,`id_usu`,`id_est`) VALUES (157,'2017-06-07',10,50,1,3);
INSERT INTO `weathernow.registros` (`id_reg`,`fecha_reg`,`id_ciu`,`temperatura`,`id_usu`,`id_est`) VALUES (158,'2017-06-08',10,26,1,1);
INSERT INTO `weathernow.registros` (`id_reg`,`fecha_reg`,`id_ciu`,`temperatura`,`id_usu`,`id_est`) VALUES (159,'2017-06-09',10,40,1,5);
INSERT INTO `weathernow.registros` (`id_reg`,`fecha_reg`,`id_ciu`,`temperatura`,`id_usu`,`id_est`) VALUES (160,'2017-06-10',10,30,1,6);
INSERT INTO `weathernow.registros` (`id_reg`,`fecha_reg`,`id_ciu`,`temperatura`,`id_usu`,`id_est`) VALUES (161,'2017-06-11',10,33,1,7);
INSERT INTO `weathernow.registros` (`id_reg`,`fecha_reg`,`id_ciu`,`temperatura`,`id_usu`,`id_est`) VALUES (162,'2017-06-12',10,23,1,2);
INSERT INTO `weathernow.registros` (`id_reg`,`fecha_reg`,`id_ciu`,`temperatura`,`id_usu`,`id_est`) VALUES (163,'2017-06-13',10,25,1,1);
INSERT INTO `weathernow.registros` (`id_reg`,`fecha_reg`,`id_ciu`,`temperatura`,`id_usu`,`id_est`) VALUES (164,'2017-06-14',10,26,1,2);
INSERT INTO `weathernow.registros` (`id_reg`,`fecha_reg`,`id_ciu`,`temperatura`,`id_usu`,`id_est`) VALUES (165,'2017-06-15',10,50,1,3);
INSERT INTO `weathernow.registros` (`id_reg`,`fecha_reg`,`id_ciu`,`temperatura`,`id_usu`,`id_est`) VALUES (166,'2017-06-16',10,23,1,1);
INSERT INTO `weathernow.registros` (`id_reg`,`fecha_reg`,`id_ciu`,`temperatura`,`id_usu`,`id_est`) VALUES (167,'2017-06-17',10,40,1,5);
INSERT INTO `weathernow.registros` (`id_reg`,`fecha_reg`,`id_ciu`,`temperatura`,`id_usu`,`id_est`) VALUES (168,'2017-06-18',10,33,1,6);
INSERT INTO `weathernow.registros` (`id_reg`,`fecha_reg`,`id_ciu`,`temperatura`,`id_usu`,`id_est`) VALUES (169,'2017-06-19',10,31,1,7);
INSERT INTO `weathernow.registros` (`id_reg`,`fecha_reg`,`id_ciu`,`temperatura`,`id_usu`,`id_est`) VALUES (170,'2017-06-20',10,26,1,2);
INSERT INTO `weathernow.registros` (`id_reg`,`fecha_reg`,`id_ciu`,`temperatura`,`id_usu`,`id_est`) VALUES (171,'2017-06-21',10,26,1,1);
INSERT INTO `weathernow.registros` (`id_reg`,`fecha_reg`,`id_ciu`,`temperatura`,`id_usu`,`id_est`) VALUES (172,'2017-06-22',10,26,1,2);
INSERT INTO `weathernow.registros` (`id_reg`,`fecha_reg`,`id_ciu`,`temperatura`,`id_usu`,`id_est`) VALUES (173,'2017-06-23',10,56,1,3);
INSERT INTO `weathernow.registros` (`id_reg`,`fecha_reg`,`id_ciu`,`temperatura`,`id_usu`,`id_est`) VALUES (174,'2017-06-24',10,28,1,1);
INSERT INTO `weathernow.registros` (`id_reg`,`fecha_reg`,`id_ciu`,`temperatura`,`id_usu`,`id_est`) VALUES (175,'2017-06-25',10,40,1,5);
INSERT INTO `weathernow.registros` (`id_reg`,`fecha_reg`,`id_ciu`,`temperatura`,`id_usu`,`id_est`) VALUES (176,'2017-06-26',10,30,1,6);
INSERT INTO `weathernow.registros` (`id_reg`,`fecha_reg`,`id_ciu`,`temperatura`,`id_usu`,`id_est`) VALUES (177,'2017-06-27',10,31,1,7);
INSERT INTO `weathernow.registros` (`id_reg`,`fecha_reg`,`id_ciu`,`temperatura`,`id_usu`,`id_est`) VALUES (178,'2017-06-28',10,23,1,2);
INSERT INTO `weathernow.registros` (`id_reg`,`fecha_reg`,`id_ciu`,`temperatura`,`id_usu`,`id_est`) VALUES (179,'2017-06-29',10,31,1,7);
INSERT INTO `weathernow.registros` (`id_reg`,`fecha_reg`,`id_ciu`,`temperatura`,`id_usu`,`id_est`) VALUES (180,'2017-06-30',10,23,1,2);
INSERT INTO `weathernow.registros` (`id_reg`,`fecha_reg`,`id_ciu`,`temperatura`,`id_usu`,`id_est`) VALUES (181,'2017-05-28',11,26,1,1);
INSERT INTO `weathernow.registros` (`id_reg`,`fecha_reg`,`id_ciu`,`temperatura`,`id_usu`,`id_est`) VALUES (182,'2017-05-29',11,26,1,2);
INSERT INTO `weathernow.registros` (`id_reg`,`fecha_reg`,`id_ciu`,`temperatura`,`id_usu`,`id_est`) VALUES (183,'2017-05-30',11,50,1,3);
INSERT INTO `weathernow.registros` (`id_reg`,`fecha_reg`,`id_ciu`,`temperatura`,`id_usu`,`id_est`) VALUES (184,'2017-05-31',11,23,1,1);
INSERT INTO `weathernow.registros` (`id_reg`,`fecha_reg`,`id_ciu`,`temperatura`,`id_usu`,`id_est`) VALUES (185,'2017-06-01',11,40,1,5);
INSERT INTO `weathernow.registros` (`id_reg`,`fecha_reg`,`id_ciu`,`temperatura`,`id_usu`,`id_est`) VALUES (186,'2017-06-02',11,30,1,6);
INSERT INTO `weathernow.registros` (`id_reg`,`fecha_reg`,`id_ciu`,`temperatura`,`id_usu`,`id_est`) VALUES (187,'2017-06-03',11,36,1,7);
INSERT INTO `weathernow.registros` (`id_reg`,`fecha_reg`,`id_ciu`,`temperatura`,`id_usu`,`id_est`) VALUES (188,'2017-06-04',11,23,1,2);
INSERT INTO `weathernow.registros` (`id_reg`,`fecha_reg`,`id_ciu`,`temperatura`,`id_usu`,`id_est`) VALUES (189,'2017-06-05',11,26,1,1);
INSERT INTO `weathernow.registros` (`id_reg`,`fecha_reg`,`id_ciu`,`temperatura`,`id_usu`,`id_est`) VALUES (190,'2017-06-06',11,26,1,2);
INSERT INTO `weathernow.registros` (`id_reg`,`fecha_reg`,`id_ciu`,`temperatura`,`id_usu`,`id_est`) VALUES (191,'2017-06-07',11,50,1,3);
INSERT INTO `weathernow.registros` (`id_reg`,`fecha_reg`,`id_ciu`,`temperatura`,`id_usu`,`id_est`) VALUES (192,'2017-06-08',11,26,1,1);
INSERT INTO `weathernow.registros` (`id_reg`,`fecha_reg`,`id_ciu`,`temperatura`,`id_usu`,`id_est`) VALUES (193,'2017-06-09',11,40,1,5);
INSERT INTO `weathernow.registros` (`id_reg`,`fecha_reg`,`id_ciu`,`temperatura`,`id_usu`,`id_est`) VALUES (194,'2017-06-10',11,30,1,6);
INSERT INTO `weathernow.registros` (`id_reg`,`fecha_reg`,`id_ciu`,`temperatura`,`id_usu`,`id_est`) VALUES (195,'2017-06-11',11,33,1,7);
INSERT INTO `weathernow.registros` (`id_reg`,`fecha_reg`,`id_ciu`,`temperatura`,`id_usu`,`id_est`) VALUES (196,'2017-06-12',11,23,1,2);
INSERT INTO `weathernow.registros` (`id_reg`,`fecha_reg`,`id_ciu`,`temperatura`,`id_usu`,`id_est`) VALUES (197,'2017-06-13',11,25,1,1);
INSERT INTO `weathernow.registros` (`id_reg`,`fecha_reg`,`id_ciu`,`temperatura`,`id_usu`,`id_est`) VALUES (198,'2017-06-14',11,26,1,2);
INSERT INTO `weathernow.registros` (`id_reg`,`fecha_reg`,`id_ciu`,`temperatura`,`id_usu`,`id_est`) VALUES (199,'2017-06-15',11,50,1,3);
INSERT INTO `weathernow.registros` (`id_reg`,`fecha_reg`,`id_ciu`,`temperatura`,`id_usu`,`id_est`) VALUES (200,'2017-06-16',11,23,1,1);
INSERT INTO `weathernow.registros` (`id_reg`,`fecha_reg`,`id_ciu`,`temperatura`,`id_usu`,`id_est`) VALUES (201,'2017-06-17',11,35,1,5);
INSERT INTO `weathernow.registros` (`id_reg`,`fecha_reg`,`id_ciu`,`temperatura`,`id_usu`,`id_est`) VALUES (202,'2017-06-18',11,33,1,6);
INSERT INTO `weathernow.registros` (`id_reg`,`fecha_reg`,`id_ciu`,`temperatura`,`id_usu`,`id_est`) VALUES (203,'2017-06-19',11,31,1,7);
INSERT INTO `weathernow.registros` (`id_reg`,`fecha_reg`,`id_ciu`,`temperatura`,`id_usu`,`id_est`) VALUES (204,'2017-06-20',11,26,1,2);
INSERT INTO `weathernow.registros` (`id_reg`,`fecha_reg`,`id_ciu`,`temperatura`,`id_usu`,`id_est`) VALUES (205,'2017-06-21',11,26,1,1);
INSERT INTO `weathernow.registros` (`id_reg`,`fecha_reg`,`id_ciu`,`temperatura`,`id_usu`,`id_est`) VALUES (206,'2017-06-22',11,26,1,2);
INSERT INTO `weathernow.registros` (`id_reg`,`fecha_reg`,`id_ciu`,`temperatura`,`id_usu`,`id_est`) VALUES (207,'2017-06-23',11,56,1,3);
INSERT INTO `weathernow.registros` (`id_reg`,`fecha_reg`,`id_ciu`,`temperatura`,`id_usu`,`id_est`) VALUES (208,'2017-06-24',11,28,1,1);
INSERT INTO `weathernow.registros` (`id_reg`,`fecha_reg`,`id_ciu`,`temperatura`,`id_usu`,`id_est`) VALUES (209,'2017-06-25',11,40,1,5);
INSERT INTO `weathernow.registros` (`id_reg`,`fecha_reg`,`id_ciu`,`temperatura`,`id_usu`,`id_est`) VALUES (210,'2017-06-26',11,30,1,6);
INSERT INTO `weathernow.registros` (`id_reg`,`fecha_reg`,`id_ciu`,`temperatura`,`id_usu`,`id_est`) VALUES (211,'2017-06-27',11,31,1,7);
INSERT INTO `weathernow.registros` (`id_reg`,`fecha_reg`,`id_ciu`,`temperatura`,`id_usu`,`id_est`) VALUES (212,'2017-06-28',11,26,1,2);
INSERT INTO `weathernow.registros` (`id_reg`,`fecha_reg`,`id_ciu`,`temperatura`,`id_usu`,`id_est`) VALUES (213,'2017-06-29',11,31,1,7);
INSERT INTO `weathernow.registros` (`id_reg`,`fecha_reg`,`id_ciu`,`temperatura`,`id_usu`,`id_est`) VALUES (214,'2017-06-30',11,23,1,2);
INSERT INTO `weathernow.registros` (`id_reg`,`fecha_reg`,`id_ciu`,`temperatura`,`id_usu`,`id_est`) VALUES (215,'2017-05-28',12,26,1,1);
INSERT INTO `weathernow.registros` (`id_reg`,`fecha_reg`,`id_ciu`,`temperatura`,`id_usu`,`id_est`) VALUES (216,'2017-05-29',12,26,1,2);
INSERT INTO `weathernow.registros` (`id_reg`,`fecha_reg`,`id_ciu`,`temperatura`,`id_usu`,`id_est`) VALUES (217,'2017-05-30',12,50,1,3);
INSERT INTO `weathernow.registros` (`id_reg`,`fecha_reg`,`id_ciu`,`temperatura`,`id_usu`,`id_est`) VALUES (218,'2017-05-31',12,23,1,1);
INSERT INTO `weathernow.registros` (`id_reg`,`fecha_reg`,`id_ciu`,`temperatura`,`id_usu`,`id_est`) VALUES (219,'2017-06-01',12,40,1,5);
INSERT INTO `weathernow.registros` (`id_reg`,`fecha_reg`,`id_ciu`,`temperatura`,`id_usu`,`id_est`) VALUES (220,'2017-06-02',12,30,1,6);
INSERT INTO `weathernow.registros` (`id_reg`,`fecha_reg`,`id_ciu`,`temperatura`,`id_usu`,`id_est`) VALUES (221,'2017-06-03',12,36,1,7);
INSERT INTO `weathernow.registros` (`id_reg`,`fecha_reg`,`id_ciu`,`temperatura`,`id_usu`,`id_est`) VALUES (222,'2017-06-04',12,23,1,2);
INSERT INTO `weathernow.registros` (`id_reg`,`fecha_reg`,`id_ciu`,`temperatura`,`id_usu`,`id_est`) VALUES (223,'2017-06-05',12,26,1,1);
INSERT INTO `weathernow.registros` (`id_reg`,`fecha_reg`,`id_ciu`,`temperatura`,`id_usu`,`id_est`) VALUES (224,'2017-06-06',12,26,1,2);
INSERT INTO `weathernow.registros` (`id_reg`,`fecha_reg`,`id_ciu`,`temperatura`,`id_usu`,`id_est`) VALUES (225,'2017-06-07',12,50,1,3);
INSERT INTO `weathernow.registros` (`id_reg`,`fecha_reg`,`id_ciu`,`temperatura`,`id_usu`,`id_est`) VALUES (226,'2017-06-08',12,26,1,1);
INSERT INTO `weathernow.registros` (`id_reg`,`fecha_reg`,`id_ciu`,`temperatura`,`id_usu`,`id_est`) VALUES (227,'2017-06-09',12,40,1,5);
INSERT INTO `weathernow.registros` (`id_reg`,`fecha_reg`,`id_ciu`,`temperatura`,`id_usu`,`id_est`) VALUES (228,'2017-06-10',12,30,1,6);
INSERT INTO `weathernow.registros` (`id_reg`,`fecha_reg`,`id_ciu`,`temperatura`,`id_usu`,`id_est`) VALUES (229,'2017-06-11',12,33,1,7);
INSERT INTO `weathernow.registros` (`id_reg`,`fecha_reg`,`id_ciu`,`temperatura`,`id_usu`,`id_est`) VALUES (230,'2017-06-12',12,23,1,2);
INSERT INTO `weathernow.registros` (`id_reg`,`fecha_reg`,`id_ciu`,`temperatura`,`id_usu`,`id_est`) VALUES (231,'2017-06-13',12,25,1,1);
INSERT INTO `weathernow.registros` (`id_reg`,`fecha_reg`,`id_ciu`,`temperatura`,`id_usu`,`id_est`) VALUES (232,'2017-06-14',12,26,1,2);
INSERT INTO `weathernow.registros` (`id_reg`,`fecha_reg`,`id_ciu`,`temperatura`,`id_usu`,`id_est`) VALUES (233,'2017-06-15',12,50,1,3);
INSERT INTO `weathernow.registros` (`id_reg`,`fecha_reg`,`id_ciu`,`temperatura`,`id_usu`,`id_est`) VALUES (234,'2017-06-16',12,23,1,1);
INSERT INTO `weathernow.registros` (`id_reg`,`fecha_reg`,`id_ciu`,`temperatura`,`id_usu`,`id_est`) VALUES (235,'2017-06-17',12,35,1,5);
INSERT INTO `weathernow.registros` (`id_reg`,`fecha_reg`,`id_ciu`,`temperatura`,`id_usu`,`id_est`) VALUES (236,'2017-06-18',12,33,1,6);
INSERT INTO `weathernow.registros` (`id_reg`,`fecha_reg`,`id_ciu`,`temperatura`,`id_usu`,`id_est`) VALUES (237,'2017-06-19',12,31,1,7);
INSERT INTO `weathernow.registros` (`id_reg`,`fecha_reg`,`id_ciu`,`temperatura`,`id_usu`,`id_est`) VALUES (238,'2017-06-20',12,26,1,2);
INSERT INTO `weathernow.registros` (`id_reg`,`fecha_reg`,`id_ciu`,`temperatura`,`id_usu`,`id_est`) VALUES (239,'2017-06-21',12,26,1,1);
INSERT INTO `weathernow.registros` (`id_reg`,`fecha_reg`,`id_ciu`,`temperatura`,`id_usu`,`id_est`) VALUES (240,'2017-06-22',12,26,1,2);
INSERT INTO `weathernow.registros` (`id_reg`,`fecha_reg`,`id_ciu`,`temperatura`,`id_usu`,`id_est`) VALUES (241,'2017-06-23',12,56,1,3);
INSERT INTO `weathernow.registros` (`id_reg`,`fecha_reg`,`id_ciu`,`temperatura`,`id_usu`,`id_est`) VALUES (242,'2017-06-24',12,28,1,1);
INSERT INTO `weathernow.registros` (`id_reg`,`fecha_reg`,`id_ciu`,`temperatura`,`id_usu`,`id_est`) VALUES (243,'2017-06-25',12,40,1,5);
INSERT INTO `weathernow.registros` (`id_reg`,`fecha_reg`,`id_ciu`,`temperatura`,`id_usu`,`id_est`) VALUES (244,'2017-06-26',12,30,1,6);
INSERT INTO `weathernow.registros` (`id_reg`,`fecha_reg`,`id_ciu`,`temperatura`,`id_usu`,`id_est`) VALUES (245,'2017-06-27',12,31,1,7);
INSERT INTO `weathernow.registros` (`id_reg`,`fecha_reg`,`id_ciu`,`temperatura`,`id_usu`,`id_est`) VALUES (246,'2017-06-28',12,26,1,2);
INSERT INTO `weathernow.registros` (`id_reg`,`fecha_reg`,`id_ciu`,`temperatura`,`id_usu`,`id_est`) VALUES (247,'2017-06-29',12,31,1,7);
INSERT INTO `weathernow.registros` (`id_reg`,`fecha_reg`,`id_ciu`,`temperatura`,`id_usu`,`id_est`) VALUES (248,'2017-06-30',12,23,1,2);
INSERT INTO `weathernow.registros` (`id_reg`,`fecha_reg`,`id_ciu`,`temperatura`,`id_usu`,`id_est`) VALUES (249,'2017-05-28',13,26,1,1);
INSERT INTO `weathernow.registros` (`id_reg`,`fecha_reg`,`id_ciu`,`temperatura`,`id_usu`,`id_est`) VALUES (250,'2017-05-29',13,26,1,2);
INSERT INTO `weathernow.registros` (`id_reg`,`fecha_reg`,`id_ciu`,`temperatura`,`id_usu`,`id_est`) VALUES (251,'2017-05-30',13,50,1,3);
INSERT INTO `weathernow.registros` (`id_reg`,`fecha_reg`,`id_ciu`,`temperatura`,`id_usu`,`id_est`) VALUES (252,'2017-05-31',13,23,1,1);
INSERT INTO `weathernow.registros` (`id_reg`,`fecha_reg`,`id_ciu`,`temperatura`,`id_usu`,`id_est`) VALUES (253,'2017-06-01',13,40,1,5);
INSERT INTO `weathernow.registros` (`id_reg`,`fecha_reg`,`id_ciu`,`temperatura`,`id_usu`,`id_est`) VALUES (254,'2017-06-02',13,30,1,6);
INSERT INTO `weathernow.registros` (`id_reg`,`fecha_reg`,`id_ciu`,`temperatura`,`id_usu`,`id_est`) VALUES (255,'2017-06-03',13,36,1,7);
INSERT INTO `weathernow.registros` (`id_reg`,`fecha_reg`,`id_ciu`,`temperatura`,`id_usu`,`id_est`) VALUES (256,'2017-06-04',13,23,1,2);
INSERT INTO `weathernow.registros` (`id_reg`,`fecha_reg`,`id_ciu`,`temperatura`,`id_usu`,`id_est`) VALUES (257,'2017-06-05',13,26,1,1);
INSERT INTO `weathernow.registros` (`id_reg`,`fecha_reg`,`id_ciu`,`temperatura`,`id_usu`,`id_est`) VALUES (258,'2017-06-06',13,26,1,2);
INSERT INTO `weathernow.registros` (`id_reg`,`fecha_reg`,`id_ciu`,`temperatura`,`id_usu`,`id_est`) VALUES (259,'2017-06-07',13,50,1,3);
INSERT INTO `weathernow.registros` (`id_reg`,`fecha_reg`,`id_ciu`,`temperatura`,`id_usu`,`id_est`) VALUES (260,'2017-06-08',13,26,1,1);
INSERT INTO `weathernow.registros` (`id_reg`,`fecha_reg`,`id_ciu`,`temperatura`,`id_usu`,`id_est`) VALUES (261,'2017-06-09',13,40,1,5);
INSERT INTO `weathernow.registros` (`id_reg`,`fecha_reg`,`id_ciu`,`temperatura`,`id_usu`,`id_est`) VALUES (262,'2017-06-10',13,30,1,6);
INSERT INTO `weathernow.registros` (`id_reg`,`fecha_reg`,`id_ciu`,`temperatura`,`id_usu`,`id_est`) VALUES (263,'2017-06-11',13,33,1,7);
INSERT INTO `weathernow.registros` (`id_reg`,`fecha_reg`,`id_ciu`,`temperatura`,`id_usu`,`id_est`) VALUES (264,'2017-06-12',13,23,1,2);
INSERT INTO `weathernow.registros` (`id_reg`,`fecha_reg`,`id_ciu`,`temperatura`,`id_usu`,`id_est`) VALUES (265,'2017-06-13',13,25,1,1);
INSERT INTO `weathernow.registros` (`id_reg`,`fecha_reg`,`id_ciu`,`temperatura`,`id_usu`,`id_est`) VALUES (266,'2017-06-14',13,26,1,2);
INSERT INTO `weathernow.registros` (`id_reg`,`fecha_reg`,`id_ciu`,`temperatura`,`id_usu`,`id_est`) VALUES (267,'2017-06-15',13,50,1,3);
INSERT INTO `weathernow.registros` (`id_reg`,`fecha_reg`,`id_ciu`,`temperatura`,`id_usu`,`id_est`) VALUES (268,'2017-06-16',13,23,1,1);
INSERT INTO `weathernow.registros` (`id_reg`,`fecha_reg`,`id_ciu`,`temperatura`,`id_usu`,`id_est`) VALUES (269,'2017-06-17',13,35,1,5);
INSERT INTO `weathernow.registros` (`id_reg`,`fecha_reg`,`id_ciu`,`temperatura`,`id_usu`,`id_est`) VALUES (270,'2017-06-18',13,33,1,6);
INSERT INTO `weathernow.registros` (`id_reg`,`fecha_reg`,`id_ciu`,`temperatura`,`id_usu`,`id_est`) VALUES (271,'2017-06-19',13,31,1,7);
INSERT INTO `weathernow.registros` (`id_reg`,`fecha_reg`,`id_ciu`,`temperatura`,`id_usu`,`id_est`) VALUES (272,'2017-06-20',13,26,1,2);
INSERT INTO `weathernow.registros` (`id_reg`,`fecha_reg`,`id_ciu`,`temperatura`,`id_usu`,`id_est`) VALUES (273,'2017-06-21',13,26,1,1);
INSERT INTO `weathernow.registros` (`id_reg`,`fecha_reg`,`id_ciu`,`temperatura`,`id_usu`,`id_est`) VALUES (274,'2017-06-22',13,26,1,2);
INSERT INTO `weathernow.registros` (`id_reg`,`fecha_reg`,`id_ciu`,`temperatura`,`id_usu`,`id_est`) VALUES (275,'2017-06-23',13,56,1,3);
INSERT INTO `weathernow.registros` (`id_reg`,`fecha_reg`,`id_ciu`,`temperatura`,`id_usu`,`id_est`) VALUES (276,'2017-06-24',13,28,1,1);
INSERT INTO `weathernow.registros` (`id_reg`,`fecha_reg`,`id_ciu`,`temperatura`,`id_usu`,`id_est`) VALUES (277,'2017-06-25',13,40,1,5);
INSERT INTO `weathernow.registros` (`id_reg`,`fecha_reg`,`id_ciu`,`temperatura`,`id_usu`,`id_est`) VALUES (278,'2017-06-26',13,30,1,6);
INSERT INTO `weathernow.registros` (`id_reg`,`fecha_reg`,`id_ciu`,`temperatura`,`id_usu`,`id_est`) VALUES (279,'2017-06-27',13,31,1,7);
INSERT INTO `weathernow.registros` (`id_reg`,`fecha_reg`,`id_ciu`,`temperatura`,`id_usu`,`id_est`) VALUES (280,'2017-06-28',13,26,1,2);
INSERT INTO `weathernow.registros` (`id_reg`,`fecha_reg`,`id_ciu`,`temperatura`,`id_usu`,`id_est`) VALUES (281,'2017-06-29',13,31,1,7);
INSERT INTO `weathernow.registros` (`id_reg`,`fecha_reg`,`id_ciu`,`temperatura`,`id_usu`,`id_est`) VALUES (282,'2017-06-30',13,23,1,2);
INSERT INTO `weathernow.registros` (`id_reg`,`fecha_reg`,`id_ciu`,`temperatura`,`id_usu`,`id_est`) VALUES (283,'2017-05-28',14,26,1,1);
INSERT INTO `weathernow.registros` (`id_reg`,`fecha_reg`,`id_ciu`,`temperatura`,`id_usu`,`id_est`) VALUES (284,'2017-05-29',14,26,1,2);
INSERT INTO `weathernow.registros` (`id_reg`,`fecha_reg`,`id_ciu`,`temperatura`,`id_usu`,`id_est`) VALUES (285,'2017-05-30',14,50,1,3);
INSERT INTO `weathernow.registros` (`id_reg`,`fecha_reg`,`id_ciu`,`temperatura`,`id_usu`,`id_est`) VALUES (286,'2017-05-31',14,23,1,1);
INSERT INTO `weathernow.registros` (`id_reg`,`fecha_reg`,`id_ciu`,`temperatura`,`id_usu`,`id_est`) VALUES (287,'2017-06-01',14,40,1,5);
INSERT INTO `weathernow.registros` (`id_reg`,`fecha_reg`,`id_ciu`,`temperatura`,`id_usu`,`id_est`) VALUES (288,'2017-06-02',14,30,1,6);
INSERT INTO `weathernow.registros` (`id_reg`,`fecha_reg`,`id_ciu`,`temperatura`,`id_usu`,`id_est`) VALUES (289,'2017-06-03',14,36,1,7);
INSERT INTO `weathernow.registros` (`id_reg`,`fecha_reg`,`id_ciu`,`temperatura`,`id_usu`,`id_est`) VALUES (290,'2017-06-04',14,23,1,2);
INSERT INTO `weathernow.registros` (`id_reg`,`fecha_reg`,`id_ciu`,`temperatura`,`id_usu`,`id_est`) VALUES (291,'2017-06-05',14,26,1,1);
INSERT INTO `weathernow.registros` (`id_reg`,`fecha_reg`,`id_ciu`,`temperatura`,`id_usu`,`id_est`) VALUES (292,'2017-06-06',14,26,1,2);
INSERT INTO `weathernow.registros` (`id_reg`,`fecha_reg`,`id_ciu`,`temperatura`,`id_usu`,`id_est`) VALUES (293,'2017-06-07',14,50,1,3);
INSERT INTO `weathernow.registros` (`id_reg`,`fecha_reg`,`id_ciu`,`temperatura`,`id_usu`,`id_est`) VALUES (294,'2017-06-08',14,26,1,1);
INSERT INTO `weathernow.registros` (`id_reg`,`fecha_reg`,`id_ciu`,`temperatura`,`id_usu`,`id_est`) VALUES (295,'2017-06-09',14,40,1,5);
INSERT INTO `weathernow.registros` (`id_reg`,`fecha_reg`,`id_ciu`,`temperatura`,`id_usu`,`id_est`) VALUES (296,'2017-06-10',14,30,1,6);
INSERT INTO `weathernow.registros` (`id_reg`,`fecha_reg`,`id_ciu`,`temperatura`,`id_usu`,`id_est`) VALUES (297,'2017-06-11',14,33,1,7);
INSERT INTO `weathernow.registros` (`id_reg`,`fecha_reg`,`id_ciu`,`temperatura`,`id_usu`,`id_est`) VALUES (298,'2017-06-12',14,23,1,2);
INSERT INTO `weathernow.registros` (`id_reg`,`fecha_reg`,`id_ciu`,`temperatura`,`id_usu`,`id_est`) VALUES (299,'2017-06-13',14,25,1,1);
INSERT INTO `weathernow.registros` (`id_reg`,`fecha_reg`,`id_ciu`,`temperatura`,`id_usu`,`id_est`) VALUES (300,'2017-06-14',14,26,1,2);
INSERT INTO `weathernow.registros` (`id_reg`,`fecha_reg`,`id_ciu`,`temperatura`,`id_usu`,`id_est`) VALUES (301,'2017-06-15',14,50,1,3);
INSERT INTO `weathernow.registros` (`id_reg`,`fecha_reg`,`id_ciu`,`temperatura`,`id_usu`,`id_est`) VALUES (302,'2017-06-16',14,23,1,1);
INSERT INTO `weathernow.registros` (`id_reg`,`fecha_reg`,`id_ciu`,`temperatura`,`id_usu`,`id_est`) VALUES (303,'2017-06-17',14,35,1,5);
INSERT INTO `weathernow.registros` (`id_reg`,`fecha_reg`,`id_ciu`,`temperatura`,`id_usu`,`id_est`) VALUES (304,'2017-06-18',14,33,1,6);
INSERT INTO `weathernow.registros` (`id_reg`,`fecha_reg`,`id_ciu`,`temperatura`,`id_usu`,`id_est`) VALUES (305,'2017-06-19',14,31,1,7);
INSERT INTO `weathernow.registros` (`id_reg`,`fecha_reg`,`id_ciu`,`temperatura`,`id_usu`,`id_est`) VALUES (306,'2017-06-20',14,26,1,2);
INSERT INTO `weathernow.registros` (`id_reg`,`fecha_reg`,`id_ciu`,`temperatura`,`id_usu`,`id_est`) VALUES (307,'2017-06-21',14,26,1,1);
INSERT INTO `weathernow.registros` (`id_reg`,`fecha_reg`,`id_ciu`,`temperatura`,`id_usu`,`id_est`) VALUES (308,'2017-06-22',14,26,1,2);
INSERT INTO `weathernow.registros` (`id_reg`,`fecha_reg`,`id_ciu`,`temperatura`,`id_usu`,`id_est`) VALUES (309,'2017-06-23',14,56,1,3);
INSERT INTO `weathernow.registros` (`id_reg`,`fecha_reg`,`id_ciu`,`temperatura`,`id_usu`,`id_est`) VALUES (310,'2017-06-24',14,28,1,1);
INSERT INTO `weathernow.registros` (`id_reg`,`fecha_reg`,`id_ciu`,`temperatura`,`id_usu`,`id_est`) VALUES (311,'2017-06-25',14,40,1,5);
INSERT INTO `weathernow.registros` (`id_reg`,`fecha_reg`,`id_ciu`,`temperatura`,`id_usu`,`id_est`) VALUES (312,'2017-06-26',14,30,1,6);
INSERT INTO `weathernow.registros` (`id_reg`,`fecha_reg`,`id_ciu`,`temperatura`,`id_usu`,`id_est`) VALUES (313,'2017-06-27',14,31,1,7);
INSERT INTO `weathernow.registros` (`id_reg`,`fecha_reg`,`id_ciu`,`temperatura`,`id_usu`,`id_est`) VALUES (314,'2017-06-28',14,26,1,2);
INSERT INTO `weathernow.registros` (`id_reg`,`fecha_reg`,`id_ciu`,`temperatura`,`id_usu`,`id_est`) VALUES (315,'2017-06-29',14,31,1,7);
INSERT INTO `weathernow.registros` (`id_reg`,`fecha_reg`,`id_ciu`,`temperatura`,`id_usu`,`id_est`) VALUES (316,'2017-06-30',14,23,1,2);
INSERT INTO `weathernow.registros` (`id_reg`,`fecha_reg`,`id_ciu`,`temperatura`,`id_usu`,`id_est`) VALUES (317,'2017-05-28',15,26,1,1);
INSERT INTO `weathernow.registros` (`id_reg`,`fecha_reg`,`id_ciu`,`temperatura`,`id_usu`,`id_est`) VALUES (318,'2017-05-29',15,26,1,2);
INSERT INTO `weathernow.registros` (`id_reg`,`fecha_reg`,`id_ciu`,`temperatura`,`id_usu`,`id_est`) VALUES (319,'2017-05-30',15,50,1,3);
INSERT INTO `weathernow.registros` (`id_reg`,`fecha_reg`,`id_ciu`,`temperatura`,`id_usu`,`id_est`) VALUES (320,'2017-05-31',15,23,1,1);
INSERT INTO `weathernow.registros` (`id_reg`,`fecha_reg`,`id_ciu`,`temperatura`,`id_usu`,`id_est`) VALUES (321,'2017-06-01',15,40,1,5);
INSERT INTO `weathernow.registros` (`id_reg`,`fecha_reg`,`id_ciu`,`temperatura`,`id_usu`,`id_est`) VALUES (322,'2017-06-02',15,30,1,6);
INSERT INTO `weathernow.registros` (`id_reg`,`fecha_reg`,`id_ciu`,`temperatura`,`id_usu`,`id_est`) VALUES (323,'2017-06-03',15,36,1,7);
INSERT INTO `weathernow.registros` (`id_reg`,`fecha_reg`,`id_ciu`,`temperatura`,`id_usu`,`id_est`) VALUES (324,'2017-06-04',15,23,1,2);
INSERT INTO `weathernow.registros` (`id_reg`,`fecha_reg`,`id_ciu`,`temperatura`,`id_usu`,`id_est`) VALUES (325,'2017-06-05',15,26,1,1);
INSERT INTO `weathernow.registros` (`id_reg`,`fecha_reg`,`id_ciu`,`temperatura`,`id_usu`,`id_est`) VALUES (326,'2017-06-06',15,26,1,2);
INSERT INTO `weathernow.registros` (`id_reg`,`fecha_reg`,`id_ciu`,`temperatura`,`id_usu`,`id_est`) VALUES (327,'2017-06-07',15,50,1,3);
INSERT INTO `weathernow.registros` (`id_reg`,`fecha_reg`,`id_ciu`,`temperatura`,`id_usu`,`id_est`) VALUES (328,'2017-06-08',15,26,1,1);
INSERT INTO `weathernow.registros` (`id_reg`,`fecha_reg`,`id_ciu`,`temperatura`,`id_usu`,`id_est`) VALUES (329,'2017-06-09',15,40,1,5);
INSERT INTO `weathernow.registros` (`id_reg`,`fecha_reg`,`id_ciu`,`temperatura`,`id_usu`,`id_est`) VALUES (330,'2017-06-10',15,30,1,6);
INSERT INTO `weathernow.registros` (`id_reg`,`fecha_reg`,`id_ciu`,`temperatura`,`id_usu`,`id_est`) VALUES (331,'2017-06-11',15,33,1,7);
INSERT INTO `weathernow.registros` (`id_reg`,`fecha_reg`,`id_ciu`,`temperatura`,`id_usu`,`id_est`) VALUES (332,'2017-06-12',15,23,1,2);
INSERT INTO `weathernow.registros` (`id_reg`,`fecha_reg`,`id_ciu`,`temperatura`,`id_usu`,`id_est`) VALUES (333,'2017-06-13',15,25,1,1);
INSERT INTO `weathernow.registros` (`id_reg`,`fecha_reg`,`id_ciu`,`temperatura`,`id_usu`,`id_est`) VALUES (334,'2017-06-14',15,26,1,2);
INSERT INTO `weathernow.registros` (`id_reg`,`fecha_reg`,`id_ciu`,`temperatura`,`id_usu`,`id_est`) VALUES (335,'2017-06-15',15,50,1,3);
INSERT INTO `weathernow.registros` (`id_reg`,`fecha_reg`,`id_ciu`,`temperatura`,`id_usu`,`id_est`) VALUES (336,'2017-06-16',15,23,1,1);
INSERT INTO `weathernow.registros` (`id_reg`,`fecha_reg`,`id_ciu`,`temperatura`,`id_usu`,`id_est`) VALUES (337,'2017-06-17',15,35,1,5);
INSERT INTO `weathernow.registros` (`id_reg`,`fecha_reg`,`id_ciu`,`temperatura`,`id_usu`,`id_est`) VALUES (338,'2017-06-18',15,33,1,6);
INSERT INTO `weathernow.registros` (`id_reg`,`fecha_reg`,`id_ciu`,`temperatura`,`id_usu`,`id_est`) VALUES (339,'2017-06-19',15,31,1,7);
INSERT INTO `weathernow.registros` (`id_reg`,`fecha_reg`,`id_ciu`,`temperatura`,`id_usu`,`id_est`) VALUES (340,'2017-06-20',15,26,1,2);
INSERT INTO `weathernow.registros` (`id_reg`,`fecha_reg`,`id_ciu`,`temperatura`,`id_usu`,`id_est`) VALUES (341,'2017-06-21',15,26,1,1);
INSERT INTO `weathernow.registros` (`id_reg`,`fecha_reg`,`id_ciu`,`temperatura`,`id_usu`,`id_est`) VALUES (342,'2017-06-22',15,26,1,2);
INSERT INTO `weathernow.registros` (`id_reg`,`fecha_reg`,`id_ciu`,`temperatura`,`id_usu`,`id_est`) VALUES (343,'2017-06-23',15,56,1,3);
INSERT INTO `weathernow.registros` (`id_reg`,`fecha_reg`,`id_ciu`,`temperatura`,`id_usu`,`id_est`) VALUES (344,'2017-06-24',15,28,1,1);
INSERT INTO `weathernow.registros` (`id_reg`,`fecha_reg`,`id_ciu`,`temperatura`,`id_usu`,`id_est`) VALUES (345,'2017-06-25',15,40,1,5);
INSERT INTO `weathernow.registros` (`id_reg`,`fecha_reg`,`id_ciu`,`temperatura`,`id_usu`,`id_est`) VALUES (346,'2017-06-26',15,30,1,6);
INSERT INTO `weathernow.registros` (`id_reg`,`fecha_reg`,`id_ciu`,`temperatura`,`id_usu`,`id_est`) VALUES (347,'2017-06-27',15,31,1,7);
INSERT INTO `weathernow.registros` (`id_reg`,`fecha_reg`,`id_ciu`,`temperatura`,`id_usu`,`id_est`) VALUES (348,'2017-06-28',15,26,1,2);
INSERT INTO `weathernow.registros` (`id_reg`,`fecha_reg`,`id_ciu`,`temperatura`,`id_usu`,`id_est`) VALUES (349,'2017-06-29',15,31,1,7);
INSERT INTO `weathernow.registros` (`id_reg`,`fecha_reg`,`id_ciu`,`temperatura`,`id_usu`,`id_est`) VALUES (350,'2017-06-30',15,23,1,2);
INSERT INTO `weathernow.registros` (`id_reg`,`fecha_reg`,`id_ciu`,`temperatura`,`id_usu`,`id_est`) VALUES (351,'2017-05-28',16,26,1,1);
INSERT INTO `weathernow.registros` (`id_reg`,`fecha_reg`,`id_ciu`,`temperatura`,`id_usu`,`id_est`) VALUES (352,'2017-05-29',16,26,1,2);
INSERT INTO `weathernow.registros` (`id_reg`,`fecha_reg`,`id_ciu`,`temperatura`,`id_usu`,`id_est`) VALUES (353,'2017-05-30',16,50,1,3);
INSERT INTO `weathernow.registros` (`id_reg`,`fecha_reg`,`id_ciu`,`temperatura`,`id_usu`,`id_est`) VALUES (354,'2017-05-31',16,23,1,1);
INSERT INTO `weathernow.registros` (`id_reg`,`fecha_reg`,`id_ciu`,`temperatura`,`id_usu`,`id_est`) VALUES (355,'2017-06-01',16,40,1,5);
INSERT INTO `weathernow.registros` (`id_reg`,`fecha_reg`,`id_ciu`,`temperatura`,`id_usu`,`id_est`) VALUES (356,'2017-06-02',16,30,1,6);
INSERT INTO `weathernow.registros` (`id_reg`,`fecha_reg`,`id_ciu`,`temperatura`,`id_usu`,`id_est`) VALUES (357,'2017-06-03',16,36,1,7);
INSERT INTO `weathernow.registros` (`id_reg`,`fecha_reg`,`id_ciu`,`temperatura`,`id_usu`,`id_est`) VALUES (358,'2017-06-04',16,23,1,2);
INSERT INTO `weathernow.registros` (`id_reg`,`fecha_reg`,`id_ciu`,`temperatura`,`id_usu`,`id_est`) VALUES (359,'2017-06-05',16,26,1,1);
INSERT INTO `weathernow.registros` (`id_reg`,`fecha_reg`,`id_ciu`,`temperatura`,`id_usu`,`id_est`) VALUES (360,'2017-06-06',16,26,1,2);
INSERT INTO `weathernow.registros` (`id_reg`,`fecha_reg`,`id_ciu`,`temperatura`,`id_usu`,`id_est`) VALUES (361,'2017-06-07',16,50,1,3);
INSERT INTO `weathernow.registros` (`id_reg`,`fecha_reg`,`id_ciu`,`temperatura`,`id_usu`,`id_est`) VALUES (362,'2017-06-08',16,26,1,1);
INSERT INTO `weathernow.registros` (`id_reg`,`fecha_reg`,`id_ciu`,`temperatura`,`id_usu`,`id_est`) VALUES (363,'2017-06-09',16,40,1,5);
INSERT INTO `weathernow.registros` (`id_reg`,`fecha_reg`,`id_ciu`,`temperatura`,`id_usu`,`id_est`) VALUES (364,'2017-06-10',16,30,1,6);
INSERT INTO `weathernow.registros` (`id_reg`,`fecha_reg`,`id_ciu`,`temperatura`,`id_usu`,`id_est`) VALUES (365,'2017-06-11',16,33,1,7);
INSERT INTO `weathernow.registros` (`id_reg`,`fecha_reg`,`id_ciu`,`temperatura`,`id_usu`,`id_est`) VALUES (366,'2017-06-12',16,23,1,2);
INSERT INTO `weathernow.registros` (`id_reg`,`fecha_reg`,`id_ciu`,`temperatura`,`id_usu`,`id_est`) VALUES (367,'2017-06-13',16,25,1,1);
INSERT INTO `weathernow.registros` (`id_reg`,`fecha_reg`,`id_ciu`,`temperatura`,`id_usu`,`id_est`) VALUES (368,'2017-06-14',16,26,1,2);
INSERT INTO `weathernow.registros` (`id_reg`,`fecha_reg`,`id_ciu`,`temperatura`,`id_usu`,`id_est`) VALUES (369,'2017-06-15',16,50,1,3);
INSERT INTO `weathernow.registros` (`id_reg`,`fecha_reg`,`id_ciu`,`temperatura`,`id_usu`,`id_est`) VALUES (370,'2017-06-16',16,23,1,1);
INSERT INTO `weathernow.registros` (`id_reg`,`fecha_reg`,`id_ciu`,`temperatura`,`id_usu`,`id_est`) VALUES (371,'2017-06-17',16,35,1,5);
INSERT INTO `weathernow.registros` (`id_reg`,`fecha_reg`,`id_ciu`,`temperatura`,`id_usu`,`id_est`) VALUES (372,'2017-06-18',16,33,1,6);
INSERT INTO `weathernow.registros` (`id_reg`,`fecha_reg`,`id_ciu`,`temperatura`,`id_usu`,`id_est`) VALUES (373,'2017-06-19',16,31,1,7);
INSERT INTO `weathernow.registros` (`id_reg`,`fecha_reg`,`id_ciu`,`temperatura`,`id_usu`,`id_est`) VALUES (374,'2017-06-20',16,26,1,2);
INSERT INTO `weathernow.registros` (`id_reg`,`fecha_reg`,`id_ciu`,`temperatura`,`id_usu`,`id_est`) VALUES (375,'2017-06-21',16,26,1,1);
INSERT INTO `weathernow.registros` (`id_reg`,`fecha_reg`,`id_ciu`,`temperatura`,`id_usu`,`id_est`) VALUES (376,'2017-06-22',16,26,1,2);
INSERT INTO `weathernow.registros` (`id_reg`,`fecha_reg`,`id_ciu`,`temperatura`,`id_usu`,`id_est`) VALUES (377,'2017-06-23',16,56,1,3);
INSERT INTO `weathernow.registros` (`id_reg`,`fecha_reg`,`id_ciu`,`temperatura`,`id_usu`,`id_est`) VALUES (378,'2017-06-24',16,28,1,1);
INSERT INTO `weathernow.registros` (`id_reg`,`fecha_reg`,`id_ciu`,`temperatura`,`id_usu`,`id_est`) VALUES (379,'2017-06-25',16,40,1,5);
INSERT INTO `weathernow.registros` (`id_reg`,`fecha_reg`,`id_ciu`,`temperatura`,`id_usu`,`id_est`) VALUES (380,'2017-06-26',16,30,1,6);
INSERT INTO `weathernow.registros` (`id_reg`,`fecha_reg`,`id_ciu`,`temperatura`,`id_usu`,`id_est`) VALUES (381,'2017-06-27',16,31,1,7);
INSERT INTO `weathernow.registros` (`id_reg`,`fecha_reg`,`id_ciu`,`temperatura`,`id_usu`,`id_est`) VALUES (382,'2017-06-28',16,26,1,2);
INSERT INTO `weathernow.registros` (`id_reg`,`fecha_reg`,`id_ciu`,`temperatura`,`id_usu`,`id_est`) VALUES (383,'2017-06-29',16,31,1,7);
INSERT INTO `weathernow.registros` (`id_reg`,`fecha_reg`,`id_ciu`,`temperatura`,`id_usu`,`id_est`) VALUES (384,'2017-06-30',16,23,1,2);
INSERT INTO `weathernow.registros` (`id_reg`,`fecha_reg`,`id_ciu`,`temperatura`,`id_usu`,`id_est`) VALUES (385,'2017-05-28',1,26,1,1);
INSERT INTO `weathernow.registros` (`id_reg`,`fecha_reg`,`id_ciu`,`temperatura`,`id_usu`,`id_est`) VALUES (386,'2017-05-29',1,26,1,2);
INSERT INTO `weathernow.registros` (`id_reg`,`fecha_reg`,`id_ciu`,`temperatura`,`id_usu`,`id_est`) VALUES (387,'2017-05-30',1,50,1,3);
INSERT INTO `weathernow.registros` (`id_reg`,`fecha_reg`,`id_ciu`,`temperatura`,`id_usu`,`id_est`) VALUES (388,'2017-05-31',1,23,1,1);
INSERT INTO `weathernow.registros` (`id_reg`,`fecha_reg`,`id_ciu`,`temperatura`,`id_usu`,`id_est`) VALUES (389,'2017-06-01',1,40,1,5);
INSERT INTO `weathernow.registros` (`id_reg`,`fecha_reg`,`id_ciu`,`temperatura`,`id_usu`,`id_est`) VALUES (390,'2017-06-02',1,30,1,6);
INSERT INTO `weathernow.registros` (`id_reg`,`fecha_reg`,`id_ciu`,`temperatura`,`id_usu`,`id_est`) VALUES (391,'2017-06-03',1,36,1,7);
INSERT INTO `weathernow.registros` (`id_reg`,`fecha_reg`,`id_ciu`,`temperatura`,`id_usu`,`id_est`) VALUES (392,'2017-06-04',1,23,1,2);
INSERT INTO `weathernow.registros` (`id_reg`,`fecha_reg`,`id_ciu`,`temperatura`,`id_usu`,`id_est`) VALUES (393,'2017-06-05',1,26,1,1);
INSERT INTO `weathernow.registros` (`id_reg`,`fecha_reg`,`id_ciu`,`temperatura`,`id_usu`,`id_est`) VALUES (394,'2017-06-06',1,26,1,2);
INSERT INTO `weathernow.registros` (`id_reg`,`fecha_reg`,`id_ciu`,`temperatura`,`id_usu`,`id_est`) VALUES (395,'2017-06-07',1,50,1,3);
INSERT INTO `weathernow.registros` (`id_reg`,`fecha_reg`,`id_ciu`,`temperatura`,`id_usu`,`id_est`) VALUES (396,'2017-06-08',1,26,1,1);
INSERT INTO `weathernow.registros` (`id_reg`,`fecha_reg`,`id_ciu`,`temperatura`,`id_usu`,`id_est`) VALUES (397,'2017-06-09',1,40,1,5);
INSERT INTO `weathernow.registros` (`id_reg`,`fecha_reg`,`id_ciu`,`temperatura`,`id_usu`,`id_est`) VALUES (398,'2017-06-10',1,30,1,6);
INSERT INTO `weathernow.registros` (`id_reg`,`fecha_reg`,`id_ciu`,`temperatura`,`id_usu`,`id_est`) VALUES (399,'2017-06-11',1,33,1,7);
INSERT INTO `weathernow.registros` (`id_reg`,`fecha_reg`,`id_ciu`,`temperatura`,`id_usu`,`id_est`) VALUES (400,'2017-06-12',1,23,1,2);
INSERT INTO `weathernow.registros` (`id_reg`,`fecha_reg`,`id_ciu`,`temperatura`,`id_usu`,`id_est`) VALUES (401,'2017-06-13',1,25,1,1);
INSERT INTO `weathernow.registros` (`id_reg`,`fecha_reg`,`id_ciu`,`temperatura`,`id_usu`,`id_est`) VALUES (402,'2017-06-14',1,26,1,2);
INSERT INTO `weathernow.registros` (`id_reg`,`fecha_reg`,`id_ciu`,`temperatura`,`id_usu`,`id_est`) VALUES (403,'2017-06-15',1,50,1,3);
INSERT INTO `weathernow.registros` (`id_reg`,`fecha_reg`,`id_ciu`,`temperatura`,`id_usu`,`id_est`) VALUES (404,'2017-06-16',1,23,1,1);
INSERT INTO `weathernow.registros` (`id_reg`,`fecha_reg`,`id_ciu`,`temperatura`,`id_usu`,`id_est`) VALUES (405,'2017-06-17',1,40,1,5);
INSERT INTO `weathernow.registros` (`id_reg`,`fecha_reg`,`id_ciu`,`temperatura`,`id_usu`,`id_est`) VALUES (406,'2017-06-18',1,33,1,6);
INSERT INTO `weathernow.registros` (`id_reg`,`fecha_reg`,`id_ciu`,`temperatura`,`id_usu`,`id_est`) VALUES (407,'2017-06-19',1,31,1,7);
INSERT INTO `weathernow.registros` (`id_reg`,`fecha_reg`,`id_ciu`,`temperatura`,`id_usu`,`id_est`) VALUES (408,'2017-06-20',1,26,1,2);
INSERT INTO `weathernow.registros` (`id_reg`,`fecha_reg`,`id_ciu`,`temperatura`,`id_usu`,`id_est`) VALUES (409,'2017-06-21',1,26,1,1);
INSERT INTO `weathernow.registros` (`id_reg`,`fecha_reg`,`id_ciu`,`temperatura`,`id_usu`,`id_est`) VALUES (410,'2017-06-22',1,26,1,2);
INSERT INTO `weathernow.registros` (`id_reg`,`fecha_reg`,`id_ciu`,`temperatura`,`id_usu`,`id_est`) VALUES (411,'2017-06-23',1,56,1,3);
INSERT INTO `weathernow.registros` (`id_reg`,`fecha_reg`,`id_ciu`,`temperatura`,`id_usu`,`id_est`) VALUES (412,'2017-06-24',1,28,1,1);
INSERT INTO `weathernow.registros` (`id_reg`,`fecha_reg`,`id_ciu`,`temperatura`,`id_usu`,`id_est`) VALUES (413,'2017-06-25',1,40,1,5);
INSERT INTO `weathernow.registros` (`id_reg`,`fecha_reg`,`id_ciu`,`temperatura`,`id_usu`,`id_est`) VALUES (414,'2017-06-26',1,30,1,6);
INSERT INTO `weathernow.registros` (`id_reg`,`fecha_reg`,`id_ciu`,`temperatura`,`id_usu`,`id_est`) VALUES (415,'2017-06-27',1,31,1,7);
INSERT INTO `weathernow.registros` (`id_reg`,`fecha_reg`,`id_ciu`,`temperatura`,`id_usu`,`id_est`) VALUES (416,'2017-06-28',1,23,1,2);
INSERT INTO `weathernow.registros` (`id_reg`,`fecha_reg`,`id_ciu`,`temperatura`,`id_usu`,`id_est`) VALUES (417,'2017-06-29',1,31,1,7);
INSERT INTO `weathernow.registros` (`id_reg`,`fecha_reg`,`id_ciu`,`temperatura`,`id_usu`,`id_est`) VALUES (418,'2017-06-30',1,23,1,2);
INSERT INTO `weathernow.registros` (`id_reg`,`fecha_reg`,`id_ciu`,`temperatura`,`id_usu`,`id_est`) VALUES (419,'2017-05-28',2,26,1,1);
INSERT INTO `weathernow.registros` (`id_reg`,`fecha_reg`,`id_ciu`,`temperatura`,`id_usu`,`id_est`) VALUES (420,'2017-05-29',2,26,1,2);
INSERT INTO `weathernow.registros` (`id_reg`,`fecha_reg`,`id_ciu`,`temperatura`,`id_usu`,`id_est`) VALUES (421,'2017-05-30',2,50,1,3);
INSERT INTO `weathernow.registros` (`id_reg`,`fecha_reg`,`id_ciu`,`temperatura`,`id_usu`,`id_est`) VALUES (422,'2017-05-31',2,23,1,1);
INSERT INTO `weathernow.registros` (`id_reg`,`fecha_reg`,`id_ciu`,`temperatura`,`id_usu`,`id_est`) VALUES (423,'2017-06-01',2,40,1,5);
INSERT INTO `weathernow.registros` (`id_reg`,`fecha_reg`,`id_ciu`,`temperatura`,`id_usu`,`id_est`) VALUES (424,'2017-06-02',2,30,1,6);
INSERT INTO `weathernow.registros` (`id_reg`,`fecha_reg`,`id_ciu`,`temperatura`,`id_usu`,`id_est`) VALUES (425,'2017-06-03',2,36,1,7);
INSERT INTO `weathernow.registros` (`id_reg`,`fecha_reg`,`id_ciu`,`temperatura`,`id_usu`,`id_est`) VALUES (426,'2017-06-04',2,23,1,2);
INSERT INTO `weathernow.registros` (`id_reg`,`fecha_reg`,`id_ciu`,`temperatura`,`id_usu`,`id_est`) VALUES (427,'2017-06-05',2,26,1,1);
INSERT INTO `weathernow.registros` (`id_reg`,`fecha_reg`,`id_ciu`,`temperatura`,`id_usu`,`id_est`) VALUES (428,'2017-06-06',2,26,1,2);
INSERT INTO `weathernow.registros` (`id_reg`,`fecha_reg`,`id_ciu`,`temperatura`,`id_usu`,`id_est`) VALUES (429,'2017-06-07',2,50,1,3);
INSERT INTO `weathernow.registros` (`id_reg`,`fecha_reg`,`id_ciu`,`temperatura`,`id_usu`,`id_est`) VALUES (430,'2017-06-08',2,26,1,1);
INSERT INTO `weathernow.registros` (`id_reg`,`fecha_reg`,`id_ciu`,`temperatura`,`id_usu`,`id_est`) VALUES (431,'2017-06-09',2,40,1,5);
INSERT INTO `weathernow.registros` (`id_reg`,`fecha_reg`,`id_ciu`,`temperatura`,`id_usu`,`id_est`) VALUES (432,'2017-06-10',2,30,1,6);
INSERT INTO `weathernow.registros` (`id_reg`,`fecha_reg`,`id_ciu`,`temperatura`,`id_usu`,`id_est`) VALUES (433,'2017-06-11',2,33,1,7);
INSERT INTO `weathernow.registros` (`id_reg`,`fecha_reg`,`id_ciu`,`temperatura`,`id_usu`,`id_est`) VALUES (434,'2017-06-12',2,23,1,2);
INSERT INTO `weathernow.registros` (`id_reg`,`fecha_reg`,`id_ciu`,`temperatura`,`id_usu`,`id_est`) VALUES (435,'2017-06-13',2,25,1,1);
INSERT INTO `weathernow.registros` (`id_reg`,`fecha_reg`,`id_ciu`,`temperatura`,`id_usu`,`id_est`) VALUES (436,'2017-06-14',2,26,1,2);
INSERT INTO `weathernow.registros` (`id_reg`,`fecha_reg`,`id_ciu`,`temperatura`,`id_usu`,`id_est`) VALUES (437,'2017-06-15',2,50,1,3);
INSERT INTO `weathernow.registros` (`id_reg`,`fecha_reg`,`id_ciu`,`temperatura`,`id_usu`,`id_est`) VALUES (438,'2017-06-16',2,23,1,1);
INSERT INTO `weathernow.registros` (`id_reg`,`fecha_reg`,`id_ciu`,`temperatura`,`id_usu`,`id_est`) VALUES (439,'2017-06-17',2,40,1,5);
INSERT INTO `weathernow.registros` (`id_reg`,`fecha_reg`,`id_ciu`,`temperatura`,`id_usu`,`id_est`) VALUES (440,'2017-06-18',2,33,1,6);
INSERT INTO `weathernow.registros` (`id_reg`,`fecha_reg`,`id_ciu`,`temperatura`,`id_usu`,`id_est`) VALUES (441,'2017-06-19',2,31,1,7);
INSERT INTO `weathernow.registros` (`id_reg`,`fecha_reg`,`id_ciu`,`temperatura`,`id_usu`,`id_est`) VALUES (442,'2017-06-20',2,26,1,2);
INSERT INTO `weathernow.registros` (`id_reg`,`fecha_reg`,`id_ciu`,`temperatura`,`id_usu`,`id_est`) VALUES (443,'2017-06-21',2,26,1,1);
INSERT INTO `weathernow.registros` (`id_reg`,`fecha_reg`,`id_ciu`,`temperatura`,`id_usu`,`id_est`) VALUES (444,'2017-06-22',2,26,1,2);
INSERT INTO `weathernow.registros` (`id_reg`,`fecha_reg`,`id_ciu`,`temperatura`,`id_usu`,`id_est`) VALUES (445,'2017-06-23',2,56,1,3);
INSERT INTO `weathernow.registros` (`id_reg`,`fecha_reg`,`id_ciu`,`temperatura`,`id_usu`,`id_est`) VALUES (446,'2017-06-24',2,28,1,1);
INSERT INTO `weathernow.registros` (`id_reg`,`fecha_reg`,`id_ciu`,`temperatura`,`id_usu`,`id_est`) VALUES (447,'2017-06-25',2,40,1,5);
INSERT INTO `weathernow.registros` (`id_reg`,`fecha_reg`,`id_ciu`,`temperatura`,`id_usu`,`id_est`) VALUES (448,'2017-06-26',2,30,1,6);
INSERT INTO `weathernow.registros` (`id_reg`,`fecha_reg`,`id_ciu`,`temperatura`,`id_usu`,`id_est`) VALUES (449,'2017-06-27',2,31,1,7);
INSERT INTO `weathernow.registros` (`id_reg`,`fecha_reg`,`id_ciu`,`temperatura`,`id_usu`,`id_est`) VALUES (450,'2017-06-28',2,23,1,2);
INSERT INTO `weathernow.registros` (`id_reg`,`fecha_reg`,`id_ciu`,`temperatura`,`id_usu`,`id_est`) VALUES (451,'2017-06-29',2,31,1,7);
INSERT INTO `weathernow.registros` (`id_reg`,`fecha_reg`,`id_ciu`,`temperatura`,`id_usu`,`id_est`) VALUES (452,'2017-06-30',2,23,1,2);
INSERT INTO `weathernow.registros` (`id_reg`,`fecha_reg`,`id_ciu`,`temperatura`,`id_usu`,`id_est`) VALUES (453,'2017-05-28',3,26,1,1);
INSERT INTO `weathernow.registros` (`id_reg`,`fecha_reg`,`id_ciu`,`temperatura`,`id_usu`,`id_est`) VALUES (454,'2017-05-29',3,26,1,2);
INSERT INTO `weathernow.registros` (`id_reg`,`fecha_reg`,`id_ciu`,`temperatura`,`id_usu`,`id_est`) VALUES (455,'2017-05-30',3,50,1,3);
INSERT INTO `weathernow.registros` (`id_reg`,`fecha_reg`,`id_ciu`,`temperatura`,`id_usu`,`id_est`) VALUES (456,'2017-05-31',3,23,1,1);
INSERT INTO `weathernow.registros` (`id_reg`,`fecha_reg`,`id_ciu`,`temperatura`,`id_usu`,`id_est`) VALUES (457,'2017-06-01',3,40,1,5);
INSERT INTO `weathernow.registros` (`id_reg`,`fecha_reg`,`id_ciu`,`temperatura`,`id_usu`,`id_est`) VALUES (458,'2017-06-02',3,30,1,6);
INSERT INTO `weathernow.registros` (`id_reg`,`fecha_reg`,`id_ciu`,`temperatura`,`id_usu`,`id_est`) VALUES (459,'2017-06-03',3,36,1,7);
INSERT INTO `weathernow.registros` (`id_reg`,`fecha_reg`,`id_ciu`,`temperatura`,`id_usu`,`id_est`) VALUES (460,'2017-06-04',3,23,1,2);
INSERT INTO `weathernow.registros` (`id_reg`,`fecha_reg`,`id_ciu`,`temperatura`,`id_usu`,`id_est`) VALUES (461,'2017-06-05',3,26,1,1);
INSERT INTO `weathernow.registros` (`id_reg`,`fecha_reg`,`id_ciu`,`temperatura`,`id_usu`,`id_est`) VALUES (462,'2017-06-06',3,26,1,2);
INSERT INTO `weathernow.registros` (`id_reg`,`fecha_reg`,`id_ciu`,`temperatura`,`id_usu`,`id_est`) VALUES (463,'2017-06-07',3,50,1,3);
INSERT INTO `weathernow.registros` (`id_reg`,`fecha_reg`,`id_ciu`,`temperatura`,`id_usu`,`id_est`) VALUES (464,'2017-06-08',3,26,1,1);
INSERT INTO `weathernow.registros` (`id_reg`,`fecha_reg`,`id_ciu`,`temperatura`,`id_usu`,`id_est`) VALUES (465,'2017-06-09',3,40,1,5);
INSERT INTO `weathernow.registros` (`id_reg`,`fecha_reg`,`id_ciu`,`temperatura`,`id_usu`,`id_est`) VALUES (466,'2017-06-10',3,30,1,6);
INSERT INTO `weathernow.registros` (`id_reg`,`fecha_reg`,`id_ciu`,`temperatura`,`id_usu`,`id_est`) VALUES (467,'2017-06-11',3,33,1,7);
INSERT INTO `weathernow.registros` (`id_reg`,`fecha_reg`,`id_ciu`,`temperatura`,`id_usu`,`id_est`) VALUES (468,'2017-06-12',3,23,1,2);
INSERT INTO `weathernow.registros` (`id_reg`,`fecha_reg`,`id_ciu`,`temperatura`,`id_usu`,`id_est`) VALUES (469,'2017-06-13',3,25,1,1);
INSERT INTO `weathernow.registros` (`id_reg`,`fecha_reg`,`id_ciu`,`temperatura`,`id_usu`,`id_est`) VALUES (470,'2017-06-14',3,26,1,2);
INSERT INTO `weathernow.registros` (`id_reg`,`fecha_reg`,`id_ciu`,`temperatura`,`id_usu`,`id_est`) VALUES (471,'2017-06-15',3,50,1,3);
INSERT INTO `weathernow.registros` (`id_reg`,`fecha_reg`,`id_ciu`,`temperatura`,`id_usu`,`id_est`) VALUES (472,'2017-06-16',3,23,1,1);
INSERT INTO `weathernow.registros` (`id_reg`,`fecha_reg`,`id_ciu`,`temperatura`,`id_usu`,`id_est`) VALUES (473,'2017-06-17',3,40,1,5);
INSERT INTO `weathernow.registros` (`id_reg`,`fecha_reg`,`id_ciu`,`temperatura`,`id_usu`,`id_est`) VALUES (474,'2017-06-18',3,33,1,6);
INSERT INTO `weathernow.registros` (`id_reg`,`fecha_reg`,`id_ciu`,`temperatura`,`id_usu`,`id_est`) VALUES (475,'2017-06-19',3,31,1,7);
INSERT INTO `weathernow.registros` (`id_reg`,`fecha_reg`,`id_ciu`,`temperatura`,`id_usu`,`id_est`) VALUES (476,'2017-06-20',3,26,1,2);
INSERT INTO `weathernow.registros` (`id_reg`,`fecha_reg`,`id_ciu`,`temperatura`,`id_usu`,`id_est`) VALUES (477,'2017-06-21',3,26,1,1);
INSERT INTO `weathernow.registros` (`id_reg`,`fecha_reg`,`id_ciu`,`temperatura`,`id_usu`,`id_est`) VALUES (478,'2017-06-22',3,26,1,2);
INSERT INTO `weathernow.registros` (`id_reg`,`fecha_reg`,`id_ciu`,`temperatura`,`id_usu`,`id_est`) VALUES (479,'2017-06-23',3,56,1,3);
INSERT INTO `weathernow.registros` (`id_reg`,`fecha_reg`,`id_ciu`,`temperatura`,`id_usu`,`id_est`) VALUES (480,'2017-06-24',3,28,1,1);
INSERT INTO `weathernow.registros` (`id_reg`,`fecha_reg`,`id_ciu`,`temperatura`,`id_usu`,`id_est`) VALUES (481,'2017-06-25',3,40,1,5);
INSERT INTO `weathernow.registros` (`id_reg`,`fecha_reg`,`id_ciu`,`temperatura`,`id_usu`,`id_est`) VALUES (482,'2017-06-26',3,30,1,6);
INSERT INTO `weathernow.registros` (`id_reg`,`fecha_reg`,`id_ciu`,`temperatura`,`id_usu`,`id_est`) VALUES (483,'2017-06-27',3,31,1,7);
INSERT INTO `weathernow.registros` (`id_reg`,`fecha_reg`,`id_ciu`,`temperatura`,`id_usu`,`id_est`) VALUES (484,'2017-06-28',3,23,1,2);
INSERT INTO `weathernow.registros` (`id_reg`,`fecha_reg`,`id_ciu`,`temperatura`,`id_usu`,`id_est`) VALUES (485,'2017-06-29',3,31,1,7);
INSERT INTO `weathernow.registros` (`id_reg`,`fecha_reg`,`id_ciu`,`temperatura`,`id_usu`,`id_est`) VALUES (486,'2017-06-30',3,23,1,2);
INSERT INTO `weathernow.registros` (`id_reg`,`fecha_reg`,`id_ciu`,`temperatura`,`id_usu`,`id_est`) VALUES (487,'2017-05-29',17,26,1,2);
INSERT INTO `weathernow.registros` (`id_reg`,`fecha_reg`,`id_ciu`,`temperatura`,`id_usu`,`id_est`) VALUES (488,'2017-05-30',17,50,1,3);
INSERT INTO `weathernow.registros` (`id_reg`,`fecha_reg`,`id_ciu`,`temperatura`,`id_usu`,`id_est`) VALUES (489,'2017-05-31',17,40,1,1);
INSERT INTO `weathernow.registros` (`id_reg`,`fecha_reg`,`id_ciu`,`temperatura`,`id_usu`,`id_est`) VALUES (490,'2017-06-01',17,33,1,5);
INSERT INTO `weathernow.registros` (`id_reg`,`fecha_reg`,`id_ciu`,`temperatura`,`id_usu`,`id_est`) VALUES (491,'2017-06-02',17,31,1,6);
INSERT INTO `weathernow.registros` (`id_reg`,`fecha_reg`,`id_ciu`,`temperatura`,`id_usu`,`id_est`) VALUES (492,'2017-06-03',17,26,1,7);
INSERT INTO `weathernow.registros` (`id_reg`,`fecha_reg`,`id_ciu`,`temperatura`,`id_usu`,`id_est`) VALUES (493,'2017-06-04',17,23,1,2);
INSERT INTO `weathernow.registros` (`id_reg`,`fecha_reg`,`id_ciu`,`temperatura`,`id_usu`,`id_est`) VALUES (494,'2017-06-05',17,26,1,1);
INSERT INTO `weathernow.registros` (`id_reg`,`fecha_reg`,`id_ciu`,`temperatura`,`id_usu`,`id_est`) VALUES (495,'2017-06-06',17,26,1,2);
INSERT INTO `weathernow.registros` (`id_reg`,`fecha_reg`,`id_ciu`,`temperatura`,`id_usu`,`id_est`) VALUES (496,'2017-06-07',17,50,1,3);
INSERT INTO `weathernow.registros` (`id_reg`,`fecha_reg`,`id_ciu`,`temperatura`,`id_usu`,`id_est`) VALUES (497,'2017-06-08',17,26,1,1);
INSERT INTO `weathernow.registros` (`id_reg`,`fecha_reg`,`id_ciu`,`temperatura`,`id_usu`,`id_est`) VALUES (498,'2017-06-09',17,40,1,5);
INSERT INTO `weathernow.registros` (`id_reg`,`fecha_reg`,`id_ciu`,`temperatura`,`id_usu`,`id_est`) VALUES (499,'2017-06-10',17,40,1,6);
INSERT INTO `weathernow.registros` (`id_reg`,`fecha_reg`,`id_ciu`,`temperatura`,`id_usu`,`id_est`) VALUES (500,'2017-06-11',17,33,1,7);
INSERT INTO `weathernow.registros` (`id_reg`,`fecha_reg`,`id_ciu`,`temperatura`,`id_usu`,`id_est`) VALUES (501,'2017-06-12',17,31,1,2);
INSERT INTO `weathernow.registros` (`id_reg`,`fecha_reg`,`id_ciu`,`temperatura`,`id_usu`,`id_est`) VALUES (502,'2017-06-13',17,26,1,1);
INSERT INTO `weathernow.registros` (`id_reg`,`fecha_reg`,`id_ciu`,`temperatura`,`id_usu`,`id_est`) VALUES (503,'2017-06-14',17,26,1,2);
INSERT INTO `weathernow.registros` (`id_reg`,`fecha_reg`,`id_ciu`,`temperatura`,`id_usu`,`id_est`) VALUES (504,'2017-06-15',17,50,1,3);
INSERT INTO `weathernow.registros` (`id_reg`,`fecha_reg`,`id_ciu`,`temperatura`,`id_usu`,`id_est`) VALUES (505,'2017-06-16',17,23,1,1);
INSERT INTO `weathernow.registros` (`id_reg`,`fecha_reg`,`id_ciu`,`temperatura`,`id_usu`,`id_est`) VALUES (506,'2017-06-17',17,40,1,5);
INSERT INTO `weathernow.registros` (`id_reg`,`fecha_reg`,`id_ciu`,`temperatura`,`id_usu`,`id_est`) VALUES (507,'2017-06-18',17,33,1,6);
INSERT INTO `weathernow.registros` (`id_reg`,`fecha_reg`,`id_ciu`,`temperatura`,`id_usu`,`id_est`) VALUES (508,'2017-06-19',17,31,1,7);
INSERT INTO `weathernow.registros` (`id_reg`,`fecha_reg`,`id_ciu`,`temperatura`,`id_usu`,`id_est`) VALUES (509,'2017-06-20',17,26,1,2);
INSERT INTO `weathernow.registros` (`id_reg`,`fecha_reg`,`id_ciu`,`temperatura`,`id_usu`,`id_est`) VALUES (510,'2017-06-21',17,26,1,1);
INSERT INTO `weathernow.registros` (`id_reg`,`fecha_reg`,`id_ciu`,`temperatura`,`id_usu`,`id_est`) VALUES (511,'2017-06-22',17,26,1,2);
INSERT INTO `weathernow.registros` (`id_reg`,`fecha_reg`,`id_ciu`,`temperatura`,`id_usu`,`id_est`) VALUES (512,'2017-06-23',17,56,1,3);
INSERT INTO `weathernow.registros` (`id_reg`,`fecha_reg`,`id_ciu`,`temperatura`,`id_usu`,`id_est`) VALUES (513,'2017-06-24',17,40,1,1);
INSERT INTO `weathernow.registros` (`id_reg`,`fecha_reg`,`id_ciu`,`temperatura`,`id_usu`,`id_est`) VALUES (514,'2017-06-25',17,33,1,5);
INSERT INTO `weathernow.registros` (`id_reg`,`fecha_reg`,`id_ciu`,`temperatura`,`id_usu`,`id_est`) VALUES (515,'2017-06-26',17,31,1,6);
INSERT INTO `weathernow.registros` (`id_reg`,`fecha_reg`,`id_ciu`,`temperatura`,`id_usu`,`id_est`) VALUES (516,'2017-06-27',17,26,1,7);
INSERT INTO `weathernow.registros` (`id_reg`,`fecha_reg`,`id_ciu`,`temperatura`,`id_usu`,`id_est`) VALUES (517,'2017-06-28',17,23,1,2);
INSERT INTO `weathernow.registros` (`id_reg`,`fecha_reg`,`id_ciu`,`temperatura`,`id_usu`,`id_est`) VALUES (518,'2017-06-29',17,31,1,7);
INSERT INTO `weathernow.registros` (`id_reg`,`fecha_reg`,`id_ciu`,`temperatura`,`id_usu`,`id_est`) VALUES (519,'2017-06-30',17,23,1,2);
INSERT INTO `weathernow.registros` (`id_reg`,`fecha_reg`,`id_ciu`,`temperatura`,`id_usu`,`id_est`) VALUES (520,'2017-05-28',18,26,1,1);
INSERT INTO `weathernow.registros` (`id_reg`,`fecha_reg`,`id_ciu`,`temperatura`,`id_usu`,`id_est`) VALUES (521,'2017-05-29',18,26,1,2);
INSERT INTO `weathernow.registros` (`id_reg`,`fecha_reg`,`id_ciu`,`temperatura`,`id_usu`,`id_est`) VALUES (522,'2017-05-30',18,40,1,3);
INSERT INTO `weathernow.registros` (`id_reg`,`fecha_reg`,`id_ciu`,`temperatura`,`id_usu`,`id_est`) VALUES (523,'2017-05-31',18,33,1,1);
INSERT INTO `weathernow.registros` (`id_reg`,`fecha_reg`,`id_ciu`,`temperatura`,`id_usu`,`id_est`) VALUES (524,'2017-06-01',18,31,1,5);
INSERT INTO `weathernow.registros` (`id_reg`,`fecha_reg`,`id_ciu`,`temperatura`,`id_usu`,`id_est`) VALUES (525,'2017-06-02',18,26,1,6);
INSERT INTO `weathernow.registros` (`id_reg`,`fecha_reg`,`id_ciu`,`temperatura`,`id_usu`,`id_est`) VALUES (526,'2017-06-03',18,36,1,7);
INSERT INTO `weathernow.registros` (`id_reg`,`fecha_reg`,`id_ciu`,`temperatura`,`id_usu`,`id_est`) VALUES (527,'2017-06-04',18,23,1,2);
INSERT INTO `weathernow.registros` (`id_reg`,`fecha_reg`,`id_ciu`,`temperatura`,`id_usu`,`id_est`) VALUES (528,'2017-06-05',18,26,1,1);
INSERT INTO `weathernow.registros` (`id_reg`,`fecha_reg`,`id_ciu`,`temperatura`,`id_usu`,`id_est`) VALUES (529,'2017-06-06',18,26,1,2);
INSERT INTO `weathernow.registros` (`id_reg`,`fecha_reg`,`id_ciu`,`temperatura`,`id_usu`,`id_est`) VALUES (530,'2017-06-07',18,50,1,3);
INSERT INTO `weathernow.registros` (`id_reg`,`fecha_reg`,`id_ciu`,`temperatura`,`id_usu`,`id_est`) VALUES (531,'2017-06-08',18,26,1,1);
INSERT INTO `weathernow.registros` (`id_reg`,`fecha_reg`,`id_ciu`,`temperatura`,`id_usu`,`id_est`) VALUES (532,'2017-06-09',18,40,1,5);
INSERT INTO `weathernow.registros` (`id_reg`,`fecha_reg`,`id_ciu`,`temperatura`,`id_usu`,`id_est`) VALUES (533,'2017-06-10',18,30,1,6);
INSERT INTO `weathernow.registros` (`id_reg`,`fecha_reg`,`id_ciu`,`temperatura`,`id_usu`,`id_est`) VALUES (534,'2017-06-11',18,33,1,7);
INSERT INTO `weathernow.registros` (`id_reg`,`fecha_reg`,`id_ciu`,`temperatura`,`id_usu`,`id_est`) VALUES (535,'2017-06-12',18,23,1,2);
INSERT INTO `weathernow.registros` (`id_reg`,`fecha_reg`,`id_ciu`,`temperatura`,`id_usu`,`id_est`) VALUES (536,'2017-06-13',18,40,1,1);
INSERT INTO `weathernow.registros` (`id_reg`,`fecha_reg`,`id_ciu`,`temperatura`,`id_usu`,`id_est`) VALUES (537,'2017-06-14',18,33,1,2);
INSERT INTO `weathernow.registros` (`id_reg`,`fecha_reg`,`id_ciu`,`temperatura`,`id_usu`,`id_est`) VALUES (538,'2017-06-15',18,31,1,3);
INSERT INTO `weathernow.registros` (`id_reg`,`fecha_reg`,`id_ciu`,`temperatura`,`id_usu`,`id_est`) VALUES (539,'2017-06-16',18,26,1,1);
INSERT INTO `weathernow.registros` (`id_reg`,`fecha_reg`,`id_ciu`,`temperatura`,`id_usu`,`id_est`) VALUES (540,'2017-06-17',18,40,1,5);
INSERT INTO `weathernow.registros` (`id_reg`,`fecha_reg`,`id_ciu`,`temperatura`,`id_usu`,`id_est`) VALUES (541,'2017-06-18',18,33,1,6);
INSERT INTO `weathernow.registros` (`id_reg`,`fecha_reg`,`id_ciu`,`temperatura`,`id_usu`,`id_est`) VALUES (542,'2017-06-19',18,31,1,7);
INSERT INTO `weathernow.registros` (`id_reg`,`fecha_reg`,`id_ciu`,`temperatura`,`id_usu`,`id_est`) VALUES (543,'2017-06-20',18,26,1,2);
INSERT INTO `weathernow.registros` (`id_reg`,`fecha_reg`,`id_ciu`,`temperatura`,`id_usu`,`id_est`) VALUES (544,'2017-06-21',18,26,1,1);
INSERT INTO `weathernow.registros` (`id_reg`,`fecha_reg`,`id_ciu`,`temperatura`,`id_usu`,`id_est`) VALUES (545,'2017-06-22',18,26,1,2);
INSERT INTO `weathernow.registros` (`id_reg`,`fecha_reg`,`id_ciu`,`temperatura`,`id_usu`,`id_est`) VALUES (546,'2017-06-23',18,56,1,3);
INSERT INTO `weathernow.registros` (`id_reg`,`fecha_reg`,`id_ciu`,`temperatura`,`id_usu`,`id_est`) VALUES (547,'2017-06-24',18,40,1,1);
INSERT INTO `weathernow.registros` (`id_reg`,`fecha_reg`,`id_ciu`,`temperatura`,`id_usu`,`id_est`) VALUES (548,'2017-06-25',18,33,1,5);
INSERT INTO `weathernow.registros` (`id_reg`,`fecha_reg`,`id_ciu`,`temperatura`,`id_usu`,`id_est`) VALUES (549,'2017-06-26',18,31,1,6);
INSERT INTO `weathernow.registros` (`id_reg`,`fecha_reg`,`id_ciu`,`temperatura`,`id_usu`,`id_est`) VALUES (550,'2017-06-27',18,26,1,7);
INSERT INTO `weathernow.registros` (`id_reg`,`fecha_reg`,`id_ciu`,`temperatura`,`id_usu`,`id_est`) VALUES (551,'2017-06-28',18,23,1,2);
INSERT INTO `weathernow.registros` (`id_reg`,`fecha_reg`,`id_ciu`,`temperatura`,`id_usu`,`id_est`) VALUES (552,'2017-06-29',18,31,1,7);
INSERT INTO `weathernow.registros` (`id_reg`,`fecha_reg`,`id_ciu`,`temperatura`,`id_usu`,`id_est`) VALUES (553,'2017-06-30',18,23,1,2);
INSERT INTO `weathernow.registros` (`id_reg`,`fecha_reg`,`id_ciu`,`temperatura`,`id_usu`,`id_est`) VALUES (554,'2017-05-28',19,26,1,1);
INSERT INTO `weathernow.registros` (`id_reg`,`fecha_reg`,`id_ciu`,`temperatura`,`id_usu`,`id_est`) VALUES (555,'2017-05-29',19,26,1,2);
INSERT INTO `weathernow.registros` (`id_reg`,`fecha_reg`,`id_ciu`,`temperatura`,`id_usu`,`id_est`) VALUES (556,'2017-05-30',19,50,1,3);
INSERT INTO `weathernow.registros` (`id_reg`,`fecha_reg`,`id_ciu`,`temperatura`,`id_usu`,`id_est`) VALUES (557,'2017-05-31',19,23,1,1);
INSERT INTO `weathernow.registros` (`id_reg`,`fecha_reg`,`id_ciu`,`temperatura`,`id_usu`,`id_est`) VALUES (558,'2017-06-01',19,40,1,5);
INSERT INTO `weathernow.registros` (`id_reg`,`fecha_reg`,`id_ciu`,`temperatura`,`id_usu`,`id_est`) VALUES (559,'2017-06-02',19,30,1,6);
INSERT INTO `weathernow.registros` (`id_reg`,`fecha_reg`,`id_ciu`,`temperatura`,`id_usu`,`id_est`) VALUES (560,'2017-06-03',19,36,1,7);
INSERT INTO `weathernow.registros` (`id_reg`,`fecha_reg`,`id_ciu`,`temperatura`,`id_usu`,`id_est`) VALUES (561,'2017-06-04',19,23,1,2);
INSERT INTO `weathernow.registros` (`id_reg`,`fecha_reg`,`id_ciu`,`temperatura`,`id_usu`,`id_est`) VALUES (562,'2017-06-05',19,26,1,1);
INSERT INTO `weathernow.registros` (`id_reg`,`fecha_reg`,`id_ciu`,`temperatura`,`id_usu`,`id_est`) VALUES (563,'2017-06-06',19,40,1,2);
INSERT INTO `weathernow.registros` (`id_reg`,`fecha_reg`,`id_ciu`,`temperatura`,`id_usu`,`id_est`) VALUES (564,'2017-06-07',19,33,1,3);
INSERT INTO `weathernow.registros` (`id_reg`,`fecha_reg`,`id_ciu`,`temperatura`,`id_usu`,`id_est`) VALUES (565,'2017-06-08',19,31,1,1);
INSERT INTO `weathernow.registros` (`id_reg`,`fecha_reg`,`id_ciu`,`temperatura`,`id_usu`,`id_est`) VALUES (566,'2017-06-09',19,26,1,5);
INSERT INTO `weathernow.registros` (`id_reg`,`fecha_reg`,`id_ciu`,`temperatura`,`id_usu`,`id_est`) VALUES (567,'2017-06-10',19,30,1,6);
INSERT INTO `weathernow.registros` (`id_reg`,`fecha_reg`,`id_ciu`,`temperatura`,`id_usu`,`id_est`) VALUES (568,'2017-06-11',19,33,1,7);
INSERT INTO `weathernow.registros` (`id_reg`,`fecha_reg`,`id_ciu`,`temperatura`,`id_usu`,`id_est`) VALUES (569,'2017-06-12',19,23,1,2);
INSERT INTO `weathernow.registros` (`id_reg`,`fecha_reg`,`id_ciu`,`temperatura`,`id_usu`,`id_est`) VALUES (570,'2017-06-13',19,25,1,1);
INSERT INTO `weathernow.registros` (`id_reg`,`fecha_reg`,`id_ciu`,`temperatura`,`id_usu`,`id_est`) VALUES (571,'2017-06-14',19,26,1,2);
INSERT INTO `weathernow.registros` (`id_reg`,`fecha_reg`,`id_ciu`,`temperatura`,`id_usu`,`id_est`) VALUES (572,'2017-06-15',19,50,1,3);
INSERT INTO `weathernow.registros` (`id_reg`,`fecha_reg`,`id_ciu`,`temperatura`,`id_usu`,`id_est`) VALUES (573,'2017-06-16',19,40,1,1);
INSERT INTO `weathernow.registros` (`id_reg`,`fecha_reg`,`id_ciu`,`temperatura`,`id_usu`,`id_est`) VALUES (574,'2017-06-17',19,33,1,5);
INSERT INTO `weathernow.registros` (`id_reg`,`fecha_reg`,`id_ciu`,`temperatura`,`id_usu`,`id_est`) VALUES (575,'2017-06-18',19,31,1,6);
INSERT INTO `weathernow.registros` (`id_reg`,`fecha_reg`,`id_ciu`,`temperatura`,`id_usu`,`id_est`) VALUES (576,'2017-06-19',19,26,1,7);
INSERT INTO `weathernow.registros` (`id_reg`,`fecha_reg`,`id_ciu`,`temperatura`,`id_usu`,`id_est`) VALUES (577,'2017-06-20',19,26,1,2);
INSERT INTO `weathernow.registros` (`id_reg`,`fecha_reg`,`id_ciu`,`temperatura`,`id_usu`,`id_est`) VALUES (578,'2017-06-21',19,26,1,1);
INSERT INTO `weathernow.registros` (`id_reg`,`fecha_reg`,`id_ciu`,`temperatura`,`id_usu`,`id_est`) VALUES (579,'2017-06-22',19,26,1,2);
INSERT INTO `weathernow.registros` (`id_reg`,`fecha_reg`,`id_ciu`,`temperatura`,`id_usu`,`id_est`) VALUES (580,'2017-06-23',19,56,1,3);
INSERT INTO `weathernow.registros` (`id_reg`,`fecha_reg`,`id_ciu`,`temperatura`,`id_usu`,`id_est`) VALUES (581,'2017-06-24',19,28,1,1);
INSERT INTO `weathernow.registros` (`id_reg`,`fecha_reg`,`id_ciu`,`temperatura`,`id_usu`,`id_est`) VALUES (582,'2017-06-25',19,40,1,5);
INSERT INTO `weathernow.registros` (`id_reg`,`fecha_reg`,`id_ciu`,`temperatura`,`id_usu`,`id_est`) VALUES (583,'2017-06-26',19,30,1,6);
INSERT INTO `weathernow.registros` (`id_reg`,`fecha_reg`,`id_ciu`,`temperatura`,`id_usu`,`id_est`) VALUES (584,'2017-06-27',19,31,1,7);
INSERT INTO `weathernow.registros` (`id_reg`,`fecha_reg`,`id_ciu`,`temperatura`,`id_usu`,`id_est`) VALUES (585,'2017-06-28',19,23,1,2);
INSERT INTO `weathernow.registros` (`id_reg`,`fecha_reg`,`id_ciu`,`temperatura`,`id_usu`,`id_est`) VALUES (586,'2017-06-29',19,31,1,7);
INSERT INTO `weathernow.registros` (`id_reg`,`fecha_reg`,`id_ciu`,`temperatura`,`id_usu`,`id_est`) VALUES (587,'2017-06-30',19,23,1,2);
INSERT INTO `weathernow.registros` (`id_reg`,`fecha_reg`,`id_ciu`,`temperatura`,`id_usu`,`id_est`) VALUES (588,'2017-05-28',20,26,1,1);
INSERT INTO `weathernow.registros` (`id_reg`,`fecha_reg`,`id_ciu`,`temperatura`,`id_usu`,`id_est`) VALUES (589,'2017-05-29',20,26,1,2);
INSERT INTO `weathernow.registros` (`id_reg`,`fecha_reg`,`id_ciu`,`temperatura`,`id_usu`,`id_est`) VALUES (590,'2017-05-30',20,40,1,3);
INSERT INTO `weathernow.registros` (`id_reg`,`fecha_reg`,`id_ciu`,`temperatura`,`id_usu`,`id_est`) VALUES (591,'2017-05-31',20,33,1,1);
INSERT INTO `weathernow.registros` (`id_reg`,`fecha_reg`,`id_ciu`,`temperatura`,`id_usu`,`id_est`) VALUES (592,'2017-06-01',20,31,1,5);
INSERT INTO `weathernow.registros` (`id_reg`,`fecha_reg`,`id_ciu`,`temperatura`,`id_usu`,`id_est`) VALUES (593,'2017-06-02',20,26,1,6);
INSERT INTO `weathernow.registros` (`id_reg`,`fecha_reg`,`id_ciu`,`temperatura`,`id_usu`,`id_est`) VALUES (594,'2017-06-03',20,36,1,7);
INSERT INTO `weathernow.registros` (`id_reg`,`fecha_reg`,`id_ciu`,`temperatura`,`id_usu`,`id_est`) VALUES (595,'2017-06-04',20,23,1,2);
INSERT INTO `weathernow.registros` (`id_reg`,`fecha_reg`,`id_ciu`,`temperatura`,`id_usu`,`id_est`) VALUES (596,'2017-06-05',20,26,1,1);
INSERT INTO `weathernow.registros` (`id_reg`,`fecha_reg`,`id_ciu`,`temperatura`,`id_usu`,`id_est`) VALUES (597,'2017-06-06',20,40,1,2);
INSERT INTO `weathernow.registros` (`id_reg`,`fecha_reg`,`id_ciu`,`temperatura`,`id_usu`,`id_est`) VALUES (598,'2017-06-07',20,33,1,3);
INSERT INTO `weathernow.registros` (`id_reg`,`fecha_reg`,`id_ciu`,`temperatura`,`id_usu`,`id_est`) VALUES (599,'2017-06-08',20,31,1,1);
INSERT INTO `weathernow.registros` (`id_reg`,`fecha_reg`,`id_ciu`,`temperatura`,`id_usu`,`id_est`) VALUES (600,'2017-06-09',20,26,1,5);
INSERT INTO `weathernow.registros` (`id_reg`,`fecha_reg`,`id_ciu`,`temperatura`,`id_usu`,`id_est`) VALUES (601,'2017-06-10',20,30,1,6);
INSERT INTO `weathernow.registros` (`id_reg`,`fecha_reg`,`id_ciu`,`temperatura`,`id_usu`,`id_est`) VALUES (602,'2017-06-11',20,33,1,7);
INSERT INTO `weathernow.registros` (`id_reg`,`fecha_reg`,`id_ciu`,`temperatura`,`id_usu`,`id_est`) VALUES (603,'2017-06-12',20,23,1,2);
INSERT INTO `weathernow.registros` (`id_reg`,`fecha_reg`,`id_ciu`,`temperatura`,`id_usu`,`id_est`) VALUES (604,'2017-06-13',20,25,1,1);
INSERT INTO `weathernow.registros` (`id_reg`,`fecha_reg`,`id_ciu`,`temperatura`,`id_usu`,`id_est`) VALUES (605,'2017-06-14',20,26,1,2);
INSERT INTO `weathernow.registros` (`id_reg`,`fecha_reg`,`id_ciu`,`temperatura`,`id_usu`,`id_est`) VALUES (606,'2017-06-15',20,50,1,3);
INSERT INTO `weathernow.registros` (`id_reg`,`fecha_reg`,`id_ciu`,`temperatura`,`id_usu`,`id_est`) VALUES (607,'2017-06-16',20,23,1,1);
INSERT INTO `weathernow.registros` (`id_reg`,`fecha_reg`,`id_ciu`,`temperatura`,`id_usu`,`id_est`) VALUES (608,'2017-06-17',20,40,1,5);
INSERT INTO `weathernow.registros` (`id_reg`,`fecha_reg`,`id_ciu`,`temperatura`,`id_usu`,`id_est`) VALUES (609,'2017-06-18',20,33,1,6);
INSERT INTO `weathernow.registros` (`id_reg`,`fecha_reg`,`id_ciu`,`temperatura`,`id_usu`,`id_est`) VALUES (610,'2017-06-19',20,31,1,7);
INSERT INTO `weathernow.registros` (`id_reg`,`fecha_reg`,`id_ciu`,`temperatura`,`id_usu`,`id_est`) VALUES (611,'2017-06-20',20,40,1,2);
INSERT INTO `weathernow.registros` (`id_reg`,`fecha_reg`,`id_ciu`,`temperatura`,`id_usu`,`id_est`) VALUES (612,'2017-06-21',20,33,1,1);
INSERT INTO `weathernow.registros` (`id_reg`,`fecha_reg`,`id_ciu`,`temperatura`,`id_usu`,`id_est`) VALUES (613,'2017-06-22',20,31,1,2);
INSERT INTO `weathernow.registros` (`id_reg`,`fecha_reg`,`id_ciu`,`temperatura`,`id_usu`,`id_est`) VALUES (614,'2017-06-23',20,26,1,3);
INSERT INTO `weathernow.registros` (`id_reg`,`fecha_reg`,`id_ciu`,`temperatura`,`id_usu`,`id_est`) VALUES (615,'2017-06-24',20,28,1,1);
INSERT INTO `weathernow.registros` (`id_reg`,`fecha_reg`,`id_ciu`,`temperatura`,`id_usu`,`id_est`) VALUES (616,'2017-06-25',20,40,1,5);
INSERT INTO `weathernow.registros` (`id_reg`,`fecha_reg`,`id_ciu`,`temperatura`,`id_usu`,`id_est`) VALUES (617,'2017-06-26',20,30,1,6);
INSERT INTO `weathernow.registros` (`id_reg`,`fecha_reg`,`id_ciu`,`temperatura`,`id_usu`,`id_est`) VALUES (618,'2017-06-27',20,31,1,7);
INSERT INTO `weathernow.registros` (`id_reg`,`fecha_reg`,`id_ciu`,`temperatura`,`id_usu`,`id_est`) VALUES (619,'2017-06-28',20,23,1,2);
INSERT INTO `weathernow.registros` (`id_reg`,`fecha_reg`,`id_ciu`,`temperatura`,`id_usu`,`id_est`) VALUES (620,'2017-06-29',20,31,1,7);
INSERT INTO `weathernow.registros` (`id_reg`,`fecha_reg`,`id_ciu`,`temperatura`,`id_usu`,`id_est`) VALUES (621,'2017-06-30',20,23,1,2);
INSERT INTO `weathernow.registros` (`id_reg`,`fecha_reg`,`id_ciu`,`temperatura`,`id_usu`,`id_est`) VALUES (622,'2017-05-28',21,26,1,1);
INSERT INTO `weathernow.registros` (`id_reg`,`fecha_reg`,`id_ciu`,`temperatura`,`id_usu`,`id_est`) VALUES (623,'2017-05-29',21,26,1,2);
INSERT INTO `weathernow.registros` (`id_reg`,`fecha_reg`,`id_ciu`,`temperatura`,`id_usu`,`id_est`) VALUES (624,'2017-05-30',21,50,1,3);
INSERT INTO `weathernow.registros` (`id_reg`,`fecha_reg`,`id_ciu`,`temperatura`,`id_usu`,`id_est`) VALUES (625,'2017-05-31',21,40,1,1);
INSERT INTO `weathernow.registros` (`id_reg`,`fecha_reg`,`id_ciu`,`temperatura`,`id_usu`,`id_est`) VALUES (626,'2017-06-01',21,33,1,5);
INSERT INTO `weathernow.registros` (`id_reg`,`fecha_reg`,`id_ciu`,`temperatura`,`id_usu`,`id_est`) VALUES (627,'2017-06-02',21,31,1,6);
INSERT INTO `weathernow.registros` (`id_reg`,`fecha_reg`,`id_ciu`,`temperatura`,`id_usu`,`id_est`) VALUES (628,'2017-06-03',21,26,1,7);
INSERT INTO `weathernow.registros` (`id_reg`,`fecha_reg`,`id_ciu`,`temperatura`,`id_usu`,`id_est`) VALUES (629,'2017-06-04',21,23,1,2);
INSERT INTO `weathernow.registros` (`id_reg`,`fecha_reg`,`id_ciu`,`temperatura`,`id_usu`,`id_est`) VALUES (630,'2017-06-05',21,26,1,1);
INSERT INTO `weathernow.registros` (`id_reg`,`fecha_reg`,`id_ciu`,`temperatura`,`id_usu`,`id_est`) VALUES (631,'2017-06-06',21,26,1,2);
INSERT INTO `weathernow.registros` (`id_reg`,`fecha_reg`,`id_ciu`,`temperatura`,`id_usu`,`id_est`) VALUES (632,'2017-06-07',21,50,1,3);
INSERT INTO `weathernow.registros` (`id_reg`,`fecha_reg`,`id_ciu`,`temperatura`,`id_usu`,`id_est`) VALUES (633,'2017-06-08',21,26,1,1);
INSERT INTO `weathernow.registros` (`id_reg`,`fecha_reg`,`id_ciu`,`temperatura`,`id_usu`,`id_est`) VALUES (634,'2017-06-09',21,40,1,5);
INSERT INTO `weathernow.registros` (`id_reg`,`fecha_reg`,`id_ciu`,`temperatura`,`id_usu`,`id_est`) VALUES (635,'2017-06-10',21,30,1,6);
INSERT INTO `weathernow.registros` (`id_reg`,`fecha_reg`,`id_ciu`,`temperatura`,`id_usu`,`id_est`) VALUES (636,'2017-06-11',21,33,1,7);
INSERT INTO `weathernow.registros` (`id_reg`,`fecha_reg`,`id_ciu`,`temperatura`,`id_usu`,`id_est`) VALUES (637,'2017-06-12',21,23,1,2);
INSERT INTO `weathernow.registros` (`id_reg`,`fecha_reg`,`id_ciu`,`temperatura`,`id_usu`,`id_est`) VALUES (638,'2017-06-13',21,25,1,1);
INSERT INTO `weathernow.registros` (`id_reg`,`fecha_reg`,`id_ciu`,`temperatura`,`id_usu`,`id_est`) VALUES (639,'2017-06-14',21,26,1,2);
INSERT INTO `weathernow.registros` (`id_reg`,`fecha_reg`,`id_ciu`,`temperatura`,`id_usu`,`id_est`) VALUES (640,'2017-06-15',21,50,1,3);
INSERT INTO `weathernow.registros` (`id_reg`,`fecha_reg`,`id_ciu`,`temperatura`,`id_usu`,`id_est`) VALUES (641,'2017-06-16',21,23,1,1);
INSERT INTO `weathernow.registros` (`id_reg`,`fecha_reg`,`id_ciu`,`temperatura`,`id_usu`,`id_est`) VALUES (642,'2017-06-17',21,40,1,5);
INSERT INTO `weathernow.registros` (`id_reg`,`fecha_reg`,`id_ciu`,`temperatura`,`id_usu`,`id_est`) VALUES (643,'2017-06-18',21,33,1,6);
INSERT INTO `weathernow.registros` (`id_reg`,`fecha_reg`,`id_ciu`,`temperatura`,`id_usu`,`id_est`) VALUES (644,'2017-06-19',21,31,1,7);
INSERT INTO `weathernow.registros` (`id_reg`,`fecha_reg`,`id_ciu`,`temperatura`,`id_usu`,`id_est`) VALUES (645,'2017-06-20',21,26,1,2);
INSERT INTO `weathernow.registros` (`id_reg`,`fecha_reg`,`id_ciu`,`temperatura`,`id_usu`,`id_est`) VALUES (646,'2017-06-21',21,26,1,1);
INSERT INTO `weathernow.registros` (`id_reg`,`fecha_reg`,`id_ciu`,`temperatura`,`id_usu`,`id_est`) VALUES (647,'2017-06-22',21,26,1,2);
INSERT INTO `weathernow.registros` (`id_reg`,`fecha_reg`,`id_ciu`,`temperatura`,`id_usu`,`id_est`) VALUES (648,'2017-06-23',21,56,1,3);
INSERT INTO `weathernow.registros` (`id_reg`,`fecha_reg`,`id_ciu`,`temperatura`,`id_usu`,`id_est`) VALUES (649,'2017-06-24',21,28,1,1);
INSERT INTO `weathernow.registros` (`id_reg`,`fecha_reg`,`id_ciu`,`temperatura`,`id_usu`,`id_est`) VALUES (650,'2017-06-25',21,40,1,5);
INSERT INTO `weathernow.registros` (`id_reg`,`fecha_reg`,`id_ciu`,`temperatura`,`id_usu`,`id_est`) VALUES (651,'2017-06-26',21,30,1,6);
INSERT INTO `weathernow.registros` (`id_reg`,`fecha_reg`,`id_ciu`,`temperatura`,`id_usu`,`id_est`) VALUES (652,'2017-06-27',21,31,1,7);
INSERT INTO `weathernow.registros` (`id_reg`,`fecha_reg`,`id_ciu`,`temperatura`,`id_usu`,`id_est`) VALUES (653,'2017-06-28',21,23,1,2);
INSERT INTO `weathernow.registros` (`id_reg`,`fecha_reg`,`id_ciu`,`temperatura`,`id_usu`,`id_est`) VALUES (654,'2017-06-29',21,31,1,7);
INSERT INTO `weathernow.registros` (`id_reg`,`fecha_reg`,`id_ciu`,`temperatura`,`id_usu`,`id_est`) VALUES (655,'2017-06-30',21,23,1,2);
INSERT INTO `weathernow.registros` (`id_reg`,`fecha_reg`,`id_ciu`,`temperatura`,`id_usu`,`id_est`) VALUES (656,'2017-05-28',22,26,1,1);
INSERT INTO `weathernow.registros` (`id_reg`,`fecha_reg`,`id_ciu`,`temperatura`,`id_usu`,`id_est`) VALUES (657,'2017-05-29',22,26,1,2);
INSERT INTO `weathernow.registros` (`id_reg`,`fecha_reg`,`id_ciu`,`temperatura`,`id_usu`,`id_est`) VALUES (658,'2017-05-30',22,50,1,3);
INSERT INTO `weathernow.registros` (`id_reg`,`fecha_reg`,`id_ciu`,`temperatura`,`id_usu`,`id_est`) VALUES (659,'2017-05-31',22,23,1,1);
INSERT INTO `weathernow.registros` (`id_reg`,`fecha_reg`,`id_ciu`,`temperatura`,`id_usu`,`id_est`) VALUES (660,'2017-06-01',22,40,1,5);
INSERT INTO `weathernow.registros` (`id_reg`,`fecha_reg`,`id_ciu`,`temperatura`,`id_usu`,`id_est`) VALUES (661,'2017-06-02',22,56,1,6);
INSERT INTO `weathernow.registros` (`id_reg`,`fecha_reg`,`id_ciu`,`temperatura`,`id_usu`,`id_est`) VALUES (662,'2017-06-03',22,36,1,7);
INSERT INTO `weathernow.registros` (`id_reg`,`fecha_reg`,`id_ciu`,`temperatura`,`id_usu`,`id_est`) VALUES (663,'2017-06-04',22,23,1,2);
INSERT INTO `weathernow.registros` (`id_reg`,`fecha_reg`,`id_ciu`,`temperatura`,`id_usu`,`id_est`) VALUES (664,'2017-06-05',22,26,1,1);
INSERT INTO `weathernow.registros` (`id_reg`,`fecha_reg`,`id_ciu`,`temperatura`,`id_usu`,`id_est`) VALUES (665,'2017-06-06',22,26,1,2);
INSERT INTO `weathernow.registros` (`id_reg`,`fecha_reg`,`id_ciu`,`temperatura`,`id_usu`,`id_est`) VALUES (666,'2017-06-07',22,50,1,3);
INSERT INTO `weathernow.registros` (`id_reg`,`fecha_reg`,`id_ciu`,`temperatura`,`id_usu`,`id_est`) VALUES (667,'2017-06-08',22,26,1,1);
INSERT INTO `weathernow.registros` (`id_reg`,`fecha_reg`,`id_ciu`,`temperatura`,`id_usu`,`id_est`) VALUES (668,'2017-06-09',22,40,1,5);
INSERT INTO `weathernow.registros` (`id_reg`,`fecha_reg`,`id_ciu`,`temperatura`,`id_usu`,`id_est`) VALUES (669,'2017-06-10',22,30,1,6);
INSERT INTO `weathernow.registros` (`id_reg`,`fecha_reg`,`id_ciu`,`temperatura`,`id_usu`,`id_est`) VALUES (670,'2017-06-11',22,33,1,7);
INSERT INTO `weathernow.registros` (`id_reg`,`fecha_reg`,`id_ciu`,`temperatura`,`id_usu`,`id_est`) VALUES (671,'2017-06-12',22,23,1,2);
INSERT INTO `weathernow.registros` (`id_reg`,`fecha_reg`,`id_ciu`,`temperatura`,`id_usu`,`id_est`) VALUES (672,'2017-06-13',22,25,1,1);
INSERT INTO `weathernow.registros` (`id_reg`,`fecha_reg`,`id_ciu`,`temperatura`,`id_usu`,`id_est`) VALUES (673,'2017-06-14',22,27,1,2);
INSERT INTO `weathernow.registros` (`id_reg`,`fecha_reg`,`id_ciu`,`temperatura`,`id_usu`,`id_est`) VALUES (674,'2017-06-15',22,50,1,3);
INSERT INTO `weathernow.registros` (`id_reg`,`fecha_reg`,`id_ciu`,`temperatura`,`id_usu`,`id_est`) VALUES (675,'2017-06-16',22,23,1,1);
INSERT INTO `weathernow.registros` (`id_reg`,`fecha_reg`,`id_ciu`,`temperatura`,`id_usu`,`id_est`) VALUES (676,'2017-06-17',22,40,1,5);
INSERT INTO `weathernow.registros` (`id_reg`,`fecha_reg`,`id_ciu`,`temperatura`,`id_usu`,`id_est`) VALUES (677,'2017-06-18',22,33,1,6);
INSERT INTO `weathernow.registros` (`id_reg`,`fecha_reg`,`id_ciu`,`temperatura`,`id_usu`,`id_est`) VALUES (678,'2017-06-19',22,31,1,7);
INSERT INTO `weathernow.registros` (`id_reg`,`fecha_reg`,`id_ciu`,`temperatura`,`id_usu`,`id_est`) VALUES (679,'2017-06-20',22,26,1,2);
INSERT INTO `weathernow.registros` (`id_reg`,`fecha_reg`,`id_ciu`,`temperatura`,`id_usu`,`id_est`) VALUES (680,'2017-06-21',22,26,1,1);
INSERT INTO `weathernow.registros` (`id_reg`,`fecha_reg`,`id_ciu`,`temperatura`,`id_usu`,`id_est`) VALUES (681,'2017-06-22',22,24,1,2);
INSERT INTO `weathernow.registros` (`id_reg`,`fecha_reg`,`id_ciu`,`temperatura`,`id_usu`,`id_est`) VALUES (682,'2017-06-23',22,56,1,3);
INSERT INTO `weathernow.registros` (`id_reg`,`fecha_reg`,`id_ciu`,`temperatura`,`id_usu`,`id_est`) VALUES (683,'2017-06-24',22,28,1,1);
INSERT INTO `weathernow.registros` (`id_reg`,`fecha_reg`,`id_ciu`,`temperatura`,`id_usu`,`id_est`) VALUES (684,'2017-06-25',22,40,1,5);
INSERT INTO `weathernow.registros` (`id_reg`,`fecha_reg`,`id_ciu`,`temperatura`,`id_usu`,`id_est`) VALUES (685,'2017-06-26',22,30,1,6);
INSERT INTO `weathernow.registros` (`id_reg`,`fecha_reg`,`id_ciu`,`temperatura`,`id_usu`,`id_est`) VALUES (686,'2017-06-27',22,31,1,7);
INSERT INTO `weathernow.registros` (`id_reg`,`fecha_reg`,`id_ciu`,`temperatura`,`id_usu`,`id_est`) VALUES (687,'2017-06-28',22,23,1,2);
INSERT INTO `weathernow.registros` (`id_reg`,`fecha_reg`,`id_ciu`,`temperatura`,`id_usu`,`id_est`) VALUES (688,'2017-06-29',22,34,1,7);
INSERT INTO `weathernow.registros` (`id_reg`,`fecha_reg`,`id_ciu`,`temperatura`,`id_usu`,`id_est`) VALUES (689,'2017-06-30',22,23,1,2);
INSERT INTO `weathernow.registros` (`id_reg`,`fecha_reg`,`id_ciu`,`temperatura`,`id_usu`,`id_est`) VALUES (690,'2017-05-28',23,26,1,1);
INSERT INTO `weathernow.registros` (`id_reg`,`fecha_reg`,`id_ciu`,`temperatura`,`id_usu`,`id_est`) VALUES (691,'2017-05-29',23,26,1,2);
INSERT INTO `weathernow.registros` (`id_reg`,`fecha_reg`,`id_ciu`,`temperatura`,`id_usu`,`id_est`) VALUES (692,'2017-05-30',23,26,1,3);
INSERT INTO `weathernow.registros` (`id_reg`,`fecha_reg`,`id_ciu`,`temperatura`,`id_usu`,`id_est`) VALUES (693,'2017-05-31',23,56,1,1);
INSERT INTO `weathernow.registros` (`id_reg`,`fecha_reg`,`id_ciu`,`temperatura`,`id_usu`,`id_est`) VALUES (694,'2017-06-01',23,28,1,5);
INSERT INTO `weathernow.registros` (`id_reg`,`fecha_reg`,`id_ciu`,`temperatura`,`id_usu`,`id_est`) VALUES (695,'2017-06-02',23,30,1,6);
INSERT INTO `weathernow.registros` (`id_reg`,`fecha_reg`,`id_ciu`,`temperatura`,`id_usu`,`id_est`) VALUES (696,'2017-06-03',23,36,1,7);
INSERT INTO `weathernow.registros` (`id_reg`,`fecha_reg`,`id_ciu`,`temperatura`,`id_usu`,`id_est`) VALUES (697,'2017-06-04',23,23,1,2);
INSERT INTO `weathernow.registros` (`id_reg`,`fecha_reg`,`id_ciu`,`temperatura`,`id_usu`,`id_est`) VALUES (698,'2017-06-05',23,26,1,1);
INSERT INTO `weathernow.registros` (`id_reg`,`fecha_reg`,`id_ciu`,`temperatura`,`id_usu`,`id_est`) VALUES (699,'2017-06-06',23,26,1,2);
INSERT INTO `weathernow.registros` (`id_reg`,`fecha_reg`,`id_ciu`,`temperatura`,`id_usu`,`id_est`) VALUES (700,'2017-06-07',23,50,1,3);
INSERT INTO `weathernow.registros` (`id_reg`,`fecha_reg`,`id_ciu`,`temperatura`,`id_usu`,`id_est`) VALUES (701,'2017-06-08',23,26,1,1);
INSERT INTO `weathernow.registros` (`id_reg`,`fecha_reg`,`id_ciu`,`temperatura`,`id_usu`,`id_est`) VALUES (702,'2017-06-09',23,40,1,5);
INSERT INTO `weathernow.registros` (`id_reg`,`fecha_reg`,`id_ciu`,`temperatura`,`id_usu`,`id_est`) VALUES (703,'2017-06-10',23,30,1,6);
INSERT INTO `weathernow.registros` (`id_reg`,`fecha_reg`,`id_ciu`,`temperatura`,`id_usu`,`id_est`) VALUES (704,'2017-06-11',23,33,1,7);
INSERT INTO `weathernow.registros` (`id_reg`,`fecha_reg`,`id_ciu`,`temperatura`,`id_usu`,`id_est`) VALUES (705,'2017-06-12',23,23,1,2);
INSERT INTO `weathernow.registros` (`id_reg`,`fecha_reg`,`id_ciu`,`temperatura`,`id_usu`,`id_est`) VALUES (706,'2017-06-13',23,25,1,1);
INSERT INTO `weathernow.registros` (`id_reg`,`fecha_reg`,`id_ciu`,`temperatura`,`id_usu`,`id_est`) VALUES (707,'2017-06-14',23,26,1,2);
INSERT INTO `weathernow.registros` (`id_reg`,`fecha_reg`,`id_ciu`,`temperatura`,`id_usu`,`id_est`) VALUES (708,'2017-06-15',23,26,1,3);
INSERT INTO `weathernow.registros` (`id_reg`,`fecha_reg`,`id_ciu`,`temperatura`,`id_usu`,`id_est`) VALUES (709,'2017-06-16',23,56,1,1);
INSERT INTO `weathernow.registros` (`id_reg`,`fecha_reg`,`id_ciu`,`temperatura`,`id_usu`,`id_est`) VALUES (710,'2017-06-17',23,28,1,5);
INSERT INTO `weathernow.registros` (`id_reg`,`fecha_reg`,`id_ciu`,`temperatura`,`id_usu`,`id_est`) VALUES (711,'2017-06-18',23,33,1,6);
INSERT INTO `weathernow.registros` (`id_reg`,`fecha_reg`,`id_ciu`,`temperatura`,`id_usu`,`id_est`) VALUES (712,'2017-06-19',23,31,1,7);
INSERT INTO `weathernow.registros` (`id_reg`,`fecha_reg`,`id_ciu`,`temperatura`,`id_usu`,`id_est`) VALUES (713,'2017-06-20',23,26,1,2);
INSERT INTO `weathernow.registros` (`id_reg`,`fecha_reg`,`id_ciu`,`temperatura`,`id_usu`,`id_est`) VALUES (714,'2017-06-21',23,26,1,1);
INSERT INTO `weathernow.registros` (`id_reg`,`fecha_reg`,`id_ciu`,`temperatura`,`id_usu`,`id_est`) VALUES (715,'2017-06-22',23,26,1,2);
INSERT INTO `weathernow.registros` (`id_reg`,`fecha_reg`,`id_ciu`,`temperatura`,`id_usu`,`id_est`) VALUES (716,'2017-06-23',23,56,1,3);
INSERT INTO `weathernow.registros` (`id_reg`,`fecha_reg`,`id_ciu`,`temperatura`,`id_usu`,`id_est`) VALUES (717,'2017-06-24',23,28,1,1);
INSERT INTO `weathernow.registros` (`id_reg`,`fecha_reg`,`id_ciu`,`temperatura`,`id_usu`,`id_est`) VALUES (718,'2017-06-25',23,40,1,5);
INSERT INTO `weathernow.registros` (`id_reg`,`fecha_reg`,`id_ciu`,`temperatura`,`id_usu`,`id_est`) VALUES (719,'2017-06-26',23,26,1,6);
INSERT INTO `weathernow.registros` (`id_reg`,`fecha_reg`,`id_ciu`,`temperatura`,`id_usu`,`id_est`) VALUES (720,'2017-06-27',23,26,1,7);
INSERT INTO `weathernow.registros` (`id_reg`,`fecha_reg`,`id_ciu`,`temperatura`,`id_usu`,`id_est`) VALUES (721,'2017-06-28',23,56,1,2);
INSERT INTO `weathernow.registros` (`id_reg`,`fecha_reg`,`id_ciu`,`temperatura`,`id_usu`,`id_est`) VALUES (722,'2017-06-29',23,28,1,7);
INSERT INTO `weathernow.registros` (`id_reg`,`fecha_reg`,`id_ciu`,`temperatura`,`id_usu`,`id_est`) VALUES (723,'2017-06-30',23,23,1,2);
INSERT INTO `weathernow.registros` (`id_reg`,`fecha_reg`,`id_ciu`,`temperatura`,`id_usu`,`id_est`) VALUES (724,'2017-05-28',24,26,1,1);
INSERT INTO `weathernow.registros` (`id_reg`,`fecha_reg`,`id_ciu`,`temperatura`,`id_usu`,`id_est`) VALUES (725,'2017-05-29',24,26,1,2);
INSERT INTO `weathernow.registros` (`id_reg`,`fecha_reg`,`id_ciu`,`temperatura`,`id_usu`,`id_est`) VALUES (726,'2017-05-30',24,50,1,3);
INSERT INTO `weathernow.registros` (`id_reg`,`fecha_reg`,`id_ciu`,`temperatura`,`id_usu`,`id_est`) VALUES (727,'2017-05-31',24,23,1,1);
INSERT INTO `weathernow.registros` (`id_reg`,`fecha_reg`,`id_ciu`,`temperatura`,`id_usu`,`id_est`) VALUES (728,'2017-06-01',24,40,1,5);
INSERT INTO `weathernow.registros` (`id_reg`,`fecha_reg`,`id_ciu`,`temperatura`,`id_usu`,`id_est`) VALUES (729,'2017-06-02',24,30,1,6);
INSERT INTO `weathernow.registros` (`id_reg`,`fecha_reg`,`id_ciu`,`temperatura`,`id_usu`,`id_est`) VALUES (730,'2017-06-03',24,36,1,7);
INSERT INTO `weathernow.registros` (`id_reg`,`fecha_reg`,`id_ciu`,`temperatura`,`id_usu`,`id_est`) VALUES (731,'2017-06-04',24,23,1,2);
INSERT INTO `weathernow.registros` (`id_reg`,`fecha_reg`,`id_ciu`,`temperatura`,`id_usu`,`id_est`) VALUES (732,'2017-06-05',24,26,1,1);
INSERT INTO `weathernow.registros` (`id_reg`,`fecha_reg`,`id_ciu`,`temperatura`,`id_usu`,`id_est`) VALUES (733,'2017-06-06',24,26,1,2);
INSERT INTO `weathernow.registros` (`id_reg`,`fecha_reg`,`id_ciu`,`temperatura`,`id_usu`,`id_est`) VALUES (734,'2017-06-07',24,26,1,3);
INSERT INTO `weathernow.registros` (`id_reg`,`fecha_reg`,`id_ciu`,`temperatura`,`id_usu`,`id_est`) VALUES (735,'2017-06-08',24,26,1,1);
INSERT INTO `weathernow.registros` (`id_reg`,`fecha_reg`,`id_ciu`,`temperatura`,`id_usu`,`id_est`) VALUES (736,'2017-06-09',24,56,1,5);
INSERT INTO `weathernow.registros` (`id_reg`,`fecha_reg`,`id_ciu`,`temperatura`,`id_usu`,`id_est`) VALUES (737,'2017-06-10',24,28,1,6);
INSERT INTO `weathernow.registros` (`id_reg`,`fecha_reg`,`id_ciu`,`temperatura`,`id_usu`,`id_est`) VALUES (738,'2017-06-11',24,33,1,7);
INSERT INTO `weathernow.registros` (`id_reg`,`fecha_reg`,`id_ciu`,`temperatura`,`id_usu`,`id_est`) VALUES (739,'2017-06-12',24,23,1,2);
INSERT INTO `weathernow.registros` (`id_reg`,`fecha_reg`,`id_ciu`,`temperatura`,`id_usu`,`id_est`) VALUES (740,'2017-06-13',24,25,1,1);
INSERT INTO `weathernow.registros` (`id_reg`,`fecha_reg`,`id_ciu`,`temperatura`,`id_usu`,`id_est`) VALUES (741,'2017-06-14',24,26,1,2);
INSERT INTO `weathernow.registros` (`id_reg`,`fecha_reg`,`id_ciu`,`temperatura`,`id_usu`,`id_est`) VALUES (742,'2017-06-15',24,50,1,3);
INSERT INTO `weathernow.registros` (`id_reg`,`fecha_reg`,`id_ciu`,`temperatura`,`id_usu`,`id_est`) VALUES (743,'2017-06-16',24,23,1,1);
INSERT INTO `weathernow.registros` (`id_reg`,`fecha_reg`,`id_ciu`,`temperatura`,`id_usu`,`id_est`) VALUES (744,'2017-06-17',24,40,1,5);
INSERT INTO `weathernow.registros` (`id_reg`,`fecha_reg`,`id_ciu`,`temperatura`,`id_usu`,`id_est`) VALUES (745,'2017-06-18',24,33,1,6);
INSERT INTO `weathernow.registros` (`id_reg`,`fecha_reg`,`id_ciu`,`temperatura`,`id_usu`,`id_est`) VALUES (746,'2017-06-19',24,31,1,7);
INSERT INTO `weathernow.registros` (`id_reg`,`fecha_reg`,`id_ciu`,`temperatura`,`id_usu`,`id_est`) VALUES (747,'2017-06-20',24,26,1,2);
INSERT INTO `weathernow.registros` (`id_reg`,`fecha_reg`,`id_ciu`,`temperatura`,`id_usu`,`id_est`) VALUES (748,'2017-06-21',24,26,1,1);
INSERT INTO `weathernow.registros` (`id_reg`,`fecha_reg`,`id_ciu`,`temperatura`,`id_usu`,`id_est`) VALUES (749,'2017-06-22',24,56,1,2);
INSERT INTO `weathernow.registros` (`id_reg`,`fecha_reg`,`id_ciu`,`temperatura`,`id_usu`,`id_est`) VALUES (750,'2017-06-23',24,28,1,3);
INSERT INTO `weathernow.registros` (`id_reg`,`fecha_reg`,`id_ciu`,`temperatura`,`id_usu`,`id_est`) VALUES (751,'2017-06-24',24,28,1,1);
INSERT INTO `weathernow.registros` (`id_reg`,`fecha_reg`,`id_ciu`,`temperatura`,`id_usu`,`id_est`) VALUES (752,'2017-06-25',24,40,1,5);
INSERT INTO `weathernow.registros` (`id_reg`,`fecha_reg`,`id_ciu`,`temperatura`,`id_usu`,`id_est`) VALUES (753,'2017-06-26',24,30,1,6);
INSERT INTO `weathernow.registros` (`id_reg`,`fecha_reg`,`id_ciu`,`temperatura`,`id_usu`,`id_est`) VALUES (754,'2017-06-27',24,26,1,7);
INSERT INTO `weathernow.registros` (`id_reg`,`fecha_reg`,`id_ciu`,`temperatura`,`id_usu`,`id_est`) VALUES (755,'2017-06-28',24,26,1,2);
INSERT INTO `weathernow.registros` (`id_reg`,`fecha_reg`,`id_ciu`,`temperatura`,`id_usu`,`id_est`) VALUES (756,'2017-06-29',24,56,1,7);
INSERT INTO `weathernow.registros` (`id_reg`,`fecha_reg`,`id_ciu`,`temperatura`,`id_usu`,`id_est`) VALUES (757,'2017-06-30',24,28,1,2);
INSERT INTO `weathernow.registros` (`id_reg`,`fecha_reg`,`id_ciu`,`temperatura`,`id_usu`,`id_est`) VALUES (758,'2017-05-28',4,26,1,1);
INSERT INTO `weathernow.registros` (`id_reg`,`fecha_reg`,`id_ciu`,`temperatura`,`id_usu`,`id_est`) VALUES (759,'2017-05-29',4,26,1,2);
INSERT INTO `weathernow.registros` (`id_reg`,`fecha_reg`,`id_ciu`,`temperatura`,`id_usu`,`id_est`) VALUES (760,'2017-05-30',4,50,1,3);
INSERT INTO `weathernow.registros` (`id_reg`,`fecha_reg`,`id_ciu`,`temperatura`,`id_usu`,`id_est`) VALUES (761,'2017-05-31',4,23,1,1);
INSERT INTO `weathernow.registros` (`id_reg`,`fecha_reg`,`id_ciu`,`temperatura`,`id_usu`,`id_est`) VALUES (762,'2017-06-01',4,40,1,5);
INSERT INTO `weathernow.registros` (`id_reg`,`fecha_reg`,`id_ciu`,`temperatura`,`id_usu`,`id_est`) VALUES (763,'2017-06-02',4,30,1,6);
INSERT INTO `weathernow.registros` (`id_reg`,`fecha_reg`,`id_ciu`,`temperatura`,`id_usu`,`id_est`) VALUES (764,'2017-06-03',4,26,1,7);
INSERT INTO `weathernow.registros` (`id_reg`,`fecha_reg`,`id_ciu`,`temperatura`,`id_usu`,`id_est`) VALUES (765,'2017-06-04',4,26,1,2);
INSERT INTO `weathernow.registros` (`id_reg`,`fecha_reg`,`id_ciu`,`temperatura`,`id_usu`,`id_est`) VALUES (766,'2017-06-05',4,56,1,1);
INSERT INTO `weathernow.registros` (`id_reg`,`fecha_reg`,`id_ciu`,`temperatura`,`id_usu`,`id_est`) VALUES (767,'2017-06-06',4,28,1,2);
INSERT INTO `weathernow.registros` (`id_reg`,`fecha_reg`,`id_ciu`,`temperatura`,`id_usu`,`id_est`) VALUES (768,'2017-06-07',4,50,1,3);
INSERT INTO `weathernow.registros` (`id_reg`,`fecha_reg`,`id_ciu`,`temperatura`,`id_usu`,`id_est`) VALUES (769,'2017-06-08',4,26,1,1);
INSERT INTO `weathernow.registros` (`id_reg`,`fecha_reg`,`id_ciu`,`temperatura`,`id_usu`,`id_est`) VALUES (770,'2017-06-09',4,40,1,5);
INSERT INTO `weathernow.registros` (`id_reg`,`fecha_reg`,`id_ciu`,`temperatura`,`id_usu`,`id_est`) VALUES (771,'2017-06-10',4,30,1,6);
INSERT INTO `weathernow.registros` (`id_reg`,`fecha_reg`,`id_ciu`,`temperatura`,`id_usu`,`id_est`) VALUES (772,'2017-06-11',4,33,1,7);
INSERT INTO `weathernow.registros` (`id_reg`,`fecha_reg`,`id_ciu`,`temperatura`,`id_usu`,`id_est`) VALUES (773,'2017-06-12',4,23,1,2);
INSERT INTO `weathernow.registros` (`id_reg`,`fecha_reg`,`id_ciu`,`temperatura`,`id_usu`,`id_est`) VALUES (774,'2017-06-13',4,25,1,1);
INSERT INTO `weathernow.registros` (`id_reg`,`fecha_reg`,`id_ciu`,`temperatura`,`id_usu`,`id_est`) VALUES (775,'2017-06-14',4,26,1,2);
INSERT INTO `weathernow.registros` (`id_reg`,`fecha_reg`,`id_ciu`,`temperatura`,`id_usu`,`id_est`) VALUES (776,'2017-06-15',4,26,1,3);
INSERT INTO `weathernow.registros` (`id_reg`,`fecha_reg`,`id_ciu`,`temperatura`,`id_usu`,`id_est`) VALUES (777,'2017-06-16',4,26,1,1);
INSERT INTO `weathernow.registros` (`id_reg`,`fecha_reg`,`id_ciu`,`temperatura`,`id_usu`,`id_est`) VALUES (778,'2017-06-17',4,56,1,5);
INSERT INTO `weathernow.registros` (`id_reg`,`fecha_reg`,`id_ciu`,`temperatura`,`id_usu`,`id_est`) VALUES (779,'2017-06-18',4,28,1,6);
INSERT INTO `weathernow.registros` (`id_reg`,`fecha_reg`,`id_ciu`,`temperatura`,`id_usu`,`id_est`) VALUES (780,'2017-06-19',4,31,1,7);
INSERT INTO `weathernow.registros` (`id_reg`,`fecha_reg`,`id_ciu`,`temperatura`,`id_usu`,`id_est`) VALUES (781,'2017-06-20',4,26,1,2);
INSERT INTO `weathernow.registros` (`id_reg`,`fecha_reg`,`id_ciu`,`temperatura`,`id_usu`,`id_est`) VALUES (782,'2017-06-21',4,26,1,1);
INSERT INTO `weathernow.registros` (`id_reg`,`fecha_reg`,`id_ciu`,`temperatura`,`id_usu`,`id_est`) VALUES (783,'2017-06-22',4,26,1,2);
INSERT INTO `weathernow.registros` (`id_reg`,`fecha_reg`,`id_ciu`,`temperatura`,`id_usu`,`id_est`) VALUES (784,'2017-06-23',4,56,1,3);
INSERT INTO `weathernow.registros` (`id_reg`,`fecha_reg`,`id_ciu`,`temperatura`,`id_usu`,`id_est`) VALUES (785,'2017-06-24',4,28,1,1);
INSERT INTO `weathernow.registros` (`id_reg`,`fecha_reg`,`id_ciu`,`temperatura`,`id_usu`,`id_est`) VALUES (786,'2017-06-25',4,40,1,5);
INSERT INTO `weathernow.registros` (`id_reg`,`fecha_reg`,`id_ciu`,`temperatura`,`id_usu`,`id_est`) VALUES (787,'2017-06-26',4,30,1,6);
INSERT INTO `weathernow.registros` (`id_reg`,`fecha_reg`,`id_ciu`,`temperatura`,`id_usu`,`id_est`) VALUES (788,'2017-06-27',4,31,1,7);
INSERT INTO `weathernow.registros` (`id_reg`,`fecha_reg`,`id_ciu`,`temperatura`,`id_usu`,`id_est`) VALUES (789,'2017-06-28',4,23,1,2);
INSERT INTO `weathernow.registros` (`id_reg`,`fecha_reg`,`id_ciu`,`temperatura`,`id_usu`,`id_est`) VALUES (790,'2017-06-29',4,31,1,7);
INSERT INTO `weathernow.registros` (`id_reg`,`fecha_reg`,`id_ciu`,`temperatura`,`id_usu`,`id_est`) VALUES (791,'2017-06-30',4,23,1,2);
INSERT INTO `weathernow.registros` (`id_reg`,`fecha_reg`,`id_ciu`,`temperatura`,`id_usu`,`id_est`) VALUES (792,'2017-05-29',25,26,1,2);
INSERT INTO `weathernow.registros` (`id_reg`,`fecha_reg`,`id_ciu`,`temperatura`,`id_usu`,`id_est`) VALUES (793,'2017-05-30',25,31,1,3);
INSERT INTO `weathernow.registros` (`id_reg`,`fecha_reg`,`id_ciu`,`temperatura`,`id_usu`,`id_est`) VALUES (794,'2017-05-31',25,23,1,1);
INSERT INTO `weathernow.registros` (`id_reg`,`fecha_reg`,`id_ciu`,`temperatura`,`id_usu`,`id_est`) VALUES (795,'2017-06-01',25,31,1,5);
INSERT INTO `weathernow.registros` (`id_reg`,`fecha_reg`,`id_ciu`,`temperatura`,`id_usu`,`id_est`) VALUES (796,'2017-06-02',25,23,1,6);
INSERT INTO `weathernow.registros` (`id_reg`,`fecha_reg`,`id_ciu`,`temperatura`,`id_usu`,`id_est`) VALUES (797,'2017-06-03',25,36,1,7);
INSERT INTO `weathernow.registros` (`id_reg`,`fecha_reg`,`id_ciu`,`temperatura`,`id_usu`,`id_est`) VALUES (798,'2017-06-04',25,23,1,2);
INSERT INTO `weathernow.registros` (`id_reg`,`fecha_reg`,`id_ciu`,`temperatura`,`id_usu`,`id_est`) VALUES (799,'2017-06-05',25,26,1,1);
INSERT INTO `weathernow.registros` (`id_reg`,`fecha_reg`,`id_ciu`,`temperatura`,`id_usu`,`id_est`) VALUES (800,'2017-06-06',25,26,1,2);
INSERT INTO `weathernow.registros` (`id_reg`,`fecha_reg`,`id_ciu`,`temperatura`,`id_usu`,`id_est`) VALUES (801,'2017-06-07',25,50,1,3);
INSERT INTO `weathernow.registros` (`id_reg`,`fecha_reg`,`id_ciu`,`temperatura`,`id_usu`,`id_est`) VALUES (802,'2017-06-08',25,31,1,1);
INSERT INTO `weathernow.registros` (`id_reg`,`fecha_reg`,`id_ciu`,`temperatura`,`id_usu`,`id_est`) VALUES (803,'2017-06-09',25,23,1,5);
INSERT INTO `weathernow.registros` (`id_reg`,`fecha_reg`,`id_ciu`,`temperatura`,`id_usu`,`id_est`) VALUES (804,'2017-06-10',25,31,1,6);
INSERT INTO `weathernow.registros` (`id_reg`,`fecha_reg`,`id_ciu`,`temperatura`,`id_usu`,`id_est`) VALUES (805,'2017-06-11',25,23,1,7);
INSERT INTO `weathernow.registros` (`id_reg`,`fecha_reg`,`id_ciu`,`temperatura`,`id_usu`,`id_est`) VALUES (806,'2017-06-12',25,23,1,2);
INSERT INTO `weathernow.registros` (`id_reg`,`fecha_reg`,`id_ciu`,`temperatura`,`id_usu`,`id_est`) VALUES (807,'2017-06-13',25,25,1,1);
INSERT INTO `weathernow.registros` (`id_reg`,`fecha_reg`,`id_ciu`,`temperatura`,`id_usu`,`id_est`) VALUES (808,'2017-06-14',25,26,1,2);
INSERT INTO `weathernow.registros` (`id_reg`,`fecha_reg`,`id_ciu`,`temperatura`,`id_usu`,`id_est`) VALUES (809,'2017-06-15',25,50,1,3);
INSERT INTO `weathernow.registros` (`id_reg`,`fecha_reg`,`id_ciu`,`temperatura`,`id_usu`,`id_est`) VALUES (810,'2017-06-16',25,23,1,1);
INSERT INTO `weathernow.registros` (`id_reg`,`fecha_reg`,`id_ciu`,`temperatura`,`id_usu`,`id_est`) VALUES (811,'2017-06-17',25,40,1,5);
INSERT INTO `weathernow.registros` (`id_reg`,`fecha_reg`,`id_ciu`,`temperatura`,`id_usu`,`id_est`) VALUES (812,'2017-06-18',25,31,1,6);
INSERT INTO `weathernow.registros` (`id_reg`,`fecha_reg`,`id_ciu`,`temperatura`,`id_usu`,`id_est`) VALUES (813,'2017-06-19',25,23,1,7);
INSERT INTO `weathernow.registros` (`id_reg`,`fecha_reg`,`id_ciu`,`temperatura`,`id_usu`,`id_est`) VALUES (814,'2017-06-20',25,31,1,2);
INSERT INTO `weathernow.registros` (`id_reg`,`fecha_reg`,`id_ciu`,`temperatura`,`id_usu`,`id_est`) VALUES (815,'2017-06-21',25,23,1,1);
INSERT INTO `weathernow.registros` (`id_reg`,`fecha_reg`,`id_ciu`,`temperatura`,`id_usu`,`id_est`) VALUES (816,'2017-06-22',25,26,1,2);
INSERT INTO `weathernow.registros` (`id_reg`,`fecha_reg`,`id_ciu`,`temperatura`,`id_usu`,`id_est`) VALUES (817,'2017-06-23',25,56,1,3);
INSERT INTO `weathernow.registros` (`id_reg`,`fecha_reg`,`id_ciu`,`temperatura`,`id_usu`,`id_est`) VALUES (818,'2017-06-24',25,28,1,1);
INSERT INTO `weathernow.registros` (`id_reg`,`fecha_reg`,`id_ciu`,`temperatura`,`id_usu`,`id_est`) VALUES (819,'2017-06-25',25,40,1,5);
INSERT INTO `weathernow.registros` (`id_reg`,`fecha_reg`,`id_ciu`,`temperatura`,`id_usu`,`id_est`) VALUES (820,'2017-06-26',25,30,1,6);
INSERT INTO `weathernow.registros` (`id_reg`,`fecha_reg`,`id_ciu`,`temperatura`,`id_usu`,`id_est`) VALUES (821,'2017-06-27',25,31,1,7);
INSERT INTO `weathernow.registros` (`id_reg`,`fecha_reg`,`id_ciu`,`temperatura`,`id_usu`,`id_est`) VALUES (822,'2017-06-28',25,23,1,2);
INSERT INTO `weathernow.registros` (`id_reg`,`fecha_reg`,`id_ciu`,`temperatura`,`id_usu`,`id_est`) VALUES (823,'2017-06-29',25,31,1,7);
INSERT INTO `weathernow.registros` (`id_reg`,`fecha_reg`,`id_ciu`,`temperatura`,`id_usu`,`id_est`) VALUES (824,'2017-06-30',25,23,1,2);
INSERT INTO `weathernow.registros` (`id_reg`,`fecha_reg`,`id_ciu`,`temperatura`,`id_usu`,`id_est`) VALUES (825,'2017-05-28',27,26,1,1);
INSERT INTO `weathernow.registros` (`id_reg`,`fecha_reg`,`id_ciu`,`temperatura`,`id_usu`,`id_est`) VALUES (826,'2017-05-29',27,26,1,2);
INSERT INTO `weathernow.registros` (`id_reg`,`fecha_reg`,`id_ciu`,`temperatura`,`id_usu`,`id_est`) VALUES (827,'2017-05-30',27,50,1,3);
INSERT INTO `weathernow.registros` (`id_reg`,`fecha_reg`,`id_ciu`,`temperatura`,`id_usu`,`id_est`) VALUES (828,'2017-05-31',27,23,1,1);
INSERT INTO `weathernow.registros` (`id_reg`,`fecha_reg`,`id_ciu`,`temperatura`,`id_usu`,`id_est`) VALUES (829,'2017-06-01',27,31,1,5);
INSERT INTO `weathernow.registros` (`id_reg`,`fecha_reg`,`id_ciu`,`temperatura`,`id_usu`,`id_est`) VALUES (830,'2017-06-02',27,23,1,6);
INSERT INTO `weathernow.registros` (`id_reg`,`fecha_reg`,`id_ciu`,`temperatura`,`id_usu`,`id_est`) VALUES (831,'2017-06-03',27,31,1,7);
INSERT INTO `weathernow.registros` (`id_reg`,`fecha_reg`,`id_ciu`,`temperatura`,`id_usu`,`id_est`) VALUES (832,'2017-06-04',27,23,1,2);
INSERT INTO `weathernow.registros` (`id_reg`,`fecha_reg`,`id_ciu`,`temperatura`,`id_usu`,`id_est`) VALUES (833,'2017-06-05',27,26,1,1);
INSERT INTO `weathernow.registros` (`id_reg`,`fecha_reg`,`id_ciu`,`temperatura`,`id_usu`,`id_est`) VALUES (834,'2017-06-06',27,26,1,2);
INSERT INTO `weathernow.registros` (`id_reg`,`fecha_reg`,`id_ciu`,`temperatura`,`id_usu`,`id_est`) VALUES (835,'2017-06-07',27,50,1,3);
INSERT INTO `weathernow.registros` (`id_reg`,`fecha_reg`,`id_ciu`,`temperatura`,`id_usu`,`id_est`) VALUES (836,'2017-06-08',27,26,1,1);
INSERT INTO `weathernow.registros` (`id_reg`,`fecha_reg`,`id_ciu`,`temperatura`,`id_usu`,`id_est`) VALUES (837,'2017-06-09',27,40,1,5);
INSERT INTO `weathernow.registros` (`id_reg`,`fecha_reg`,`id_ciu`,`temperatura`,`id_usu`,`id_est`) VALUES (838,'2017-06-10',27,30,1,6);
INSERT INTO `weathernow.registros` (`id_reg`,`fecha_reg`,`id_ciu`,`temperatura`,`id_usu`,`id_est`) VALUES (839,'2017-06-11',27,33,1,7);
INSERT INTO `weathernow.registros` (`id_reg`,`fecha_reg`,`id_ciu`,`temperatura`,`id_usu`,`id_est`) VALUES (840,'2017-06-12',27,23,1,2);
INSERT INTO `weathernow.registros` (`id_reg`,`fecha_reg`,`id_ciu`,`temperatura`,`id_usu`,`id_est`) VALUES (841,'2017-06-13',27,25,1,1);
INSERT INTO `weathernow.registros` (`id_reg`,`fecha_reg`,`id_ciu`,`temperatura`,`id_usu`,`id_est`) VALUES (842,'2017-06-14',27,26,1,2);
INSERT INTO `weathernow.registros` (`id_reg`,`fecha_reg`,`id_ciu`,`temperatura`,`id_usu`,`id_est`) VALUES (843,'2017-06-15',27,50,1,3);
INSERT INTO `weathernow.registros` (`id_reg`,`fecha_reg`,`id_ciu`,`temperatura`,`id_usu`,`id_est`) VALUES (844,'2017-06-16',27,23,1,1);
INSERT INTO `weathernow.registros` (`id_reg`,`fecha_reg`,`id_ciu`,`temperatura`,`id_usu`,`id_est`) VALUES (845,'2017-06-17',27,31,1,5);
INSERT INTO `weathernow.registros` (`id_reg`,`fecha_reg`,`id_ciu`,`temperatura`,`id_usu`,`id_est`) VALUES (846,'2017-06-18',27,23,1,6);
INSERT INTO `weathernow.registros` (`id_reg`,`fecha_reg`,`id_ciu`,`temperatura`,`id_usu`,`id_est`) VALUES (847,'2017-06-19',27,31,1,7);
INSERT INTO `weathernow.registros` (`id_reg`,`fecha_reg`,`id_ciu`,`temperatura`,`id_usu`,`id_est`) VALUES (848,'2017-06-20',27,23,1,2);
INSERT INTO `weathernow.registros` (`id_reg`,`fecha_reg`,`id_ciu`,`temperatura`,`id_usu`,`id_est`) VALUES (849,'2017-06-21',27,26,1,1);
INSERT INTO `weathernow.registros` (`id_reg`,`fecha_reg`,`id_ciu`,`temperatura`,`id_usu`,`id_est`) VALUES (850,'2017-06-22',27,26,1,2);
INSERT INTO `weathernow.registros` (`id_reg`,`fecha_reg`,`id_ciu`,`temperatura`,`id_usu`,`id_est`) VALUES (851,'2017-06-23',27,56,1,3);
INSERT INTO `weathernow.registros` (`id_reg`,`fecha_reg`,`id_ciu`,`temperatura`,`id_usu`,`id_est`) VALUES (852,'2017-06-24',27,28,1,1);
INSERT INTO `weathernow.registros` (`id_reg`,`fecha_reg`,`id_ciu`,`temperatura`,`id_usu`,`id_est`) VALUES (853,'2017-06-25',27,40,1,5);
INSERT INTO `weathernow.registros` (`id_reg`,`fecha_reg`,`id_ciu`,`temperatura`,`id_usu`,`id_est`) VALUES (854,'2017-06-26',27,30,1,6);
INSERT INTO `weathernow.registros` (`id_reg`,`fecha_reg`,`id_ciu`,`temperatura`,`id_usu`,`id_est`) VALUES (855,'2017-06-27',27,31,1,7);
INSERT INTO `weathernow.registros` (`id_reg`,`fecha_reg`,`id_ciu`,`temperatura`,`id_usu`,`id_est`) VALUES (856,'2017-06-28',27,23,1,2);
INSERT INTO `weathernow.registros` (`id_reg`,`fecha_reg`,`id_ciu`,`temperatura`,`id_usu`,`id_est`) VALUES (857,'2017-06-29',27,31,1,7);
INSERT INTO `weathernow.registros` (`id_reg`,`fecha_reg`,`id_ciu`,`temperatura`,`id_usu`,`id_est`) VALUES (858,'2017-06-30',27,23,1,2);
INSERT INTO `weathernow.registros` (`id_reg`,`fecha_reg`,`id_ciu`,`temperatura`,`id_usu`,`id_est`) VALUES (859,'2017-05-28',28,26,1,1);
INSERT INTO `weathernow.registros` (`id_reg`,`fecha_reg`,`id_ciu`,`temperatura`,`id_usu`,`id_est`) VALUES (860,'2017-05-29',28,26,1,2);
INSERT INTO `weathernow.registros` (`id_reg`,`fecha_reg`,`id_ciu`,`temperatura`,`id_usu`,`id_est`) VALUES (861,'2017-05-30',28,50,1,3);
INSERT INTO `weathernow.registros` (`id_reg`,`fecha_reg`,`id_ciu`,`temperatura`,`id_usu`,`id_est`) VALUES (862,'2017-05-31',28,23,1,1);
INSERT INTO `weathernow.registros` (`id_reg`,`fecha_reg`,`id_ciu`,`temperatura`,`id_usu`,`id_est`) VALUES (863,'2017-06-01',28,40,1,5);
INSERT INTO `weathernow.registros` (`id_reg`,`fecha_reg`,`id_ciu`,`temperatura`,`id_usu`,`id_est`) VALUES (864,'2017-06-02',28,30,1,6);
INSERT INTO `weathernow.registros` (`id_reg`,`fecha_reg`,`id_ciu`,`temperatura`,`id_usu`,`id_est`) VALUES (865,'2017-06-03',28,36,1,7);
INSERT INTO `weathernow.registros` (`id_reg`,`fecha_reg`,`id_ciu`,`temperatura`,`id_usu`,`id_est`) VALUES (866,'2017-06-04',28,23,1,2);
INSERT INTO `weathernow.registros` (`id_reg`,`fecha_reg`,`id_ciu`,`temperatura`,`id_usu`,`id_est`) VALUES (867,'2017-06-05',28,26,1,1);
INSERT INTO `weathernow.registros` (`id_reg`,`fecha_reg`,`id_ciu`,`temperatura`,`id_usu`,`id_est`) VALUES (868,'2017-06-06',28,26,1,2);
INSERT INTO `weathernow.registros` (`id_reg`,`fecha_reg`,`id_ciu`,`temperatura`,`id_usu`,`id_est`) VALUES (869,'2017-06-07',28,50,1,3);
INSERT INTO `weathernow.registros` (`id_reg`,`fecha_reg`,`id_ciu`,`temperatura`,`id_usu`,`id_est`) VALUES (870,'2017-06-08',28,31,1,1);
INSERT INTO `weathernow.registros` (`id_reg`,`fecha_reg`,`id_ciu`,`temperatura`,`id_usu`,`id_est`) VALUES (871,'2017-06-09',28,26,1,5);
INSERT INTO `weathernow.registros` (`id_reg`,`fecha_reg`,`id_ciu`,`temperatura`,`id_usu`,`id_est`) VALUES (872,'2017-06-10',28,26,1,6);
INSERT INTO `weathernow.registros` (`id_reg`,`fecha_reg`,`id_ciu`,`temperatura`,`id_usu`,`id_est`) VALUES (873,'2017-06-11',28,26,1,7);
INSERT INTO `weathernow.registros` (`id_reg`,`fecha_reg`,`id_ciu`,`temperatura`,`id_usu`,`id_est`) VALUES (874,'2017-06-12',28,23,1,2);
INSERT INTO `weathernow.registros` (`id_reg`,`fecha_reg`,`id_ciu`,`temperatura`,`id_usu`,`id_est`) VALUES (875,'2017-06-13',28,25,1,1);
INSERT INTO `weathernow.registros` (`id_reg`,`fecha_reg`,`id_ciu`,`temperatura`,`id_usu`,`id_est`) VALUES (876,'2017-06-14',28,26,1,2);
INSERT INTO `weathernow.registros` (`id_reg`,`fecha_reg`,`id_ciu`,`temperatura`,`id_usu`,`id_est`) VALUES (877,'2017-06-15',28,50,1,3);
INSERT INTO `weathernow.registros` (`id_reg`,`fecha_reg`,`id_ciu`,`temperatura`,`id_usu`,`id_est`) VALUES (878,'2017-06-16',28,23,1,1);
INSERT INTO `weathernow.registros` (`id_reg`,`fecha_reg`,`id_ciu`,`temperatura`,`id_usu`,`id_est`) VALUES (879,'2017-06-17',28,40,1,5);
INSERT INTO `weathernow.registros` (`id_reg`,`fecha_reg`,`id_ciu`,`temperatura`,`id_usu`,`id_est`) VALUES (880,'2017-06-18',28,31,1,6);
INSERT INTO `weathernow.registros` (`id_reg`,`fecha_reg`,`id_ciu`,`temperatura`,`id_usu`,`id_est`) VALUES (881,'2017-06-19',28,26,1,7);
INSERT INTO `weathernow.registros` (`id_reg`,`fecha_reg`,`id_ciu`,`temperatura`,`id_usu`,`id_est`) VALUES (882,'2017-06-20',28,26,1,2);
INSERT INTO `weathernow.registros` (`id_reg`,`fecha_reg`,`id_ciu`,`temperatura`,`id_usu`,`id_est`) VALUES (883,'2017-06-21',28,26,1,1);
INSERT INTO `weathernow.registros` (`id_reg`,`fecha_reg`,`id_ciu`,`temperatura`,`id_usu`,`id_est`) VALUES (884,'2017-06-22',28,26,1,2);
INSERT INTO `weathernow.registros` (`id_reg`,`fecha_reg`,`id_ciu`,`temperatura`,`id_usu`,`id_est`) VALUES (885,'2017-06-23',28,56,1,3);
INSERT INTO `weathernow.registros` (`id_reg`,`fecha_reg`,`id_ciu`,`temperatura`,`id_usu`,`id_est`) VALUES (886,'2017-06-24',28,31,1,1);
INSERT INTO `weathernow.registros` (`id_reg`,`fecha_reg`,`id_ciu`,`temperatura`,`id_usu`,`id_est`) VALUES (887,'2017-06-25',28,26,1,5);
INSERT INTO `weathernow.registros` (`id_reg`,`fecha_reg`,`id_ciu`,`temperatura`,`id_usu`,`id_est`) VALUES (888,'2017-06-26',28,26,1,6);
INSERT INTO `weathernow.registros` (`id_reg`,`fecha_reg`,`id_ciu`,`temperatura`,`id_usu`,`id_est`) VALUES (889,'2017-06-27',28,26,1,7);
INSERT INTO `weathernow.registros` (`id_reg`,`fecha_reg`,`id_ciu`,`temperatura`,`id_usu`,`id_est`) VALUES (890,'2017-06-28',28,23,1,2);
INSERT INTO `weathernow.registros` (`id_reg`,`fecha_reg`,`id_ciu`,`temperatura`,`id_usu`,`id_est`) VALUES (891,'2017-06-29',28,31,1,7);
INSERT INTO `weathernow.registros` (`id_reg`,`fecha_reg`,`id_ciu`,`temperatura`,`id_usu`,`id_est`) VALUES (892,'2017-06-30',28,23,1,2);
INSERT INTO `weathernow.registros` (`id_reg`,`fecha_reg`,`id_ciu`,`temperatura`,`id_usu`,`id_est`) VALUES (893,'2017-05-28',29,26,1,1);
INSERT INTO `weathernow.registros` (`id_reg`,`fecha_reg`,`id_ciu`,`temperatura`,`id_usu`,`id_est`) VALUES (894,'2017-05-29',29,26,1,2);
INSERT INTO `weathernow.registros` (`id_reg`,`fecha_reg`,`id_ciu`,`temperatura`,`id_usu`,`id_est`) VALUES (895,'2017-05-30',29,50,1,3);
INSERT INTO `weathernow.registros` (`id_reg`,`fecha_reg`,`id_ciu`,`temperatura`,`id_usu`,`id_est`) VALUES (896,'2017-05-31',29,31,1,1);
INSERT INTO `weathernow.registros` (`id_reg`,`fecha_reg`,`id_ciu`,`temperatura`,`id_usu`,`id_est`) VALUES (897,'2017-06-01',29,26,1,5);
INSERT INTO `weathernow.registros` (`id_reg`,`fecha_reg`,`id_ciu`,`temperatura`,`id_usu`,`id_est`) VALUES (898,'2017-06-02',29,26,1,6);
INSERT INTO `weathernow.registros` (`id_reg`,`fecha_reg`,`id_ciu`,`temperatura`,`id_usu`,`id_est`) VALUES (899,'2017-06-03',29,26,1,7);
INSERT INTO `weathernow.registros` (`id_reg`,`fecha_reg`,`id_ciu`,`temperatura`,`id_usu`,`id_est`) VALUES (900,'2017-06-04',29,23,1,2);
INSERT INTO `weathernow.registros` (`id_reg`,`fecha_reg`,`id_ciu`,`temperatura`,`id_usu`,`id_est`) VALUES (901,'2017-06-05',29,26,1,1);
INSERT INTO `weathernow.registros` (`id_reg`,`fecha_reg`,`id_ciu`,`temperatura`,`id_usu`,`id_est`) VALUES (902,'2017-06-06',29,26,1,2);
INSERT INTO `weathernow.registros` (`id_reg`,`fecha_reg`,`id_ciu`,`temperatura`,`id_usu`,`id_est`) VALUES (903,'2017-06-07',29,50,1,3);
INSERT INTO `weathernow.registros` (`id_reg`,`fecha_reg`,`id_ciu`,`temperatura`,`id_usu`,`id_est`) VALUES (904,'2017-06-08',29,26,1,1);
INSERT INTO `weathernow.registros` (`id_reg`,`fecha_reg`,`id_ciu`,`temperatura`,`id_usu`,`id_est`) VALUES (905,'2017-06-09',29,31,1,5);
INSERT INTO `weathernow.registros` (`id_reg`,`fecha_reg`,`id_ciu`,`temperatura`,`id_usu`,`id_est`) VALUES (906,'2017-06-10',29,26,1,6);
INSERT INTO `weathernow.registros` (`id_reg`,`fecha_reg`,`id_ciu`,`temperatura`,`id_usu`,`id_est`) VALUES (907,'2017-06-11',29,26,1,7);
INSERT INTO `weathernow.registros` (`id_reg`,`fecha_reg`,`id_ciu`,`temperatura`,`id_usu`,`id_est`) VALUES (908,'2017-06-12',29,26,1,2);
INSERT INTO `weathernow.registros` (`id_reg`,`fecha_reg`,`id_ciu`,`temperatura`,`id_usu`,`id_est`) VALUES (909,'2017-06-13',29,25,1,1);
INSERT INTO `weathernow.registros` (`id_reg`,`fecha_reg`,`id_ciu`,`temperatura`,`id_usu`,`id_est`) VALUES (910,'2017-06-14',29,26,1,2);
INSERT INTO `weathernow.registros` (`id_reg`,`fecha_reg`,`id_ciu`,`temperatura`,`id_usu`,`id_est`) VALUES (911,'2017-06-15',29,50,1,3);
INSERT INTO `weathernow.registros` (`id_reg`,`fecha_reg`,`id_ciu`,`temperatura`,`id_usu`,`id_est`) VALUES (912,'2017-06-16',29,23,1,1);
INSERT INTO `weathernow.registros` (`id_reg`,`fecha_reg`,`id_ciu`,`temperatura`,`id_usu`,`id_est`) VALUES (913,'2017-06-17',29,40,1,5);
INSERT INTO `weathernow.registros` (`id_reg`,`fecha_reg`,`id_ciu`,`temperatura`,`id_usu`,`id_est`) VALUES (914,'2017-06-18',29,33,1,6);
INSERT INTO `weathernow.registros` (`id_reg`,`fecha_reg`,`id_ciu`,`temperatura`,`id_usu`,`id_est`) VALUES (915,'2017-06-19',29,31,1,7);
INSERT INTO `weathernow.registros` (`id_reg`,`fecha_reg`,`id_ciu`,`temperatura`,`id_usu`,`id_est`) VALUES (916,'2017-06-20',29,26,1,2);
INSERT INTO `weathernow.registros` (`id_reg`,`fecha_reg`,`id_ciu`,`temperatura`,`id_usu`,`id_est`) VALUES (917,'2017-06-21',29,31,1,1);
INSERT INTO `weathernow.registros` (`id_reg`,`fecha_reg`,`id_ciu`,`temperatura`,`id_usu`,`id_est`) VALUES (918,'2017-06-22',29,26,1,2);
INSERT INTO `weathernow.registros` (`id_reg`,`fecha_reg`,`id_ciu`,`temperatura`,`id_usu`,`id_est`) VALUES (919,'2017-06-23',29,26,1,3);
INSERT INTO `weathernow.registros` (`id_reg`,`fecha_reg`,`id_ciu`,`temperatura`,`id_usu`,`id_est`) VALUES (920,'2017-06-24',29,26,1,1);
INSERT INTO `weathernow.registros` (`id_reg`,`fecha_reg`,`id_ciu`,`temperatura`,`id_usu`,`id_est`) VALUES (921,'2017-06-25',29,40,1,5);
INSERT INTO `weathernow.registros` (`id_reg`,`fecha_reg`,`id_ciu`,`temperatura`,`id_usu`,`id_est`) VALUES (922,'2017-06-26',29,30,1,6);
INSERT INTO `weathernow.registros` (`id_reg`,`fecha_reg`,`id_ciu`,`temperatura`,`id_usu`,`id_est`) VALUES (923,'2017-06-27',29,31,1,7);
INSERT INTO `weathernow.registros` (`id_reg`,`fecha_reg`,`id_ciu`,`temperatura`,`id_usu`,`id_est`) VALUES (924,'2017-06-28',29,23,1,2);
INSERT INTO `weathernow.registros` (`id_reg`,`fecha_reg`,`id_ciu`,`temperatura`,`id_usu`,`id_est`) VALUES (925,'2017-06-29',29,31,1,7);
INSERT INTO `weathernow.registros` (`id_reg`,`fecha_reg`,`id_ciu`,`temperatura`,`id_usu`,`id_est`) VALUES (926,'2017-06-30',29,23,1,2);
INSERT INTO `weathernow.registros` (`id_reg`,`fecha_reg`,`id_ciu`,`temperatura`,`id_usu`,`id_est`) VALUES (927,'2017-05-28',30,26,1,1);
INSERT INTO `weathernow.registros` (`id_reg`,`fecha_reg`,`id_ciu`,`temperatura`,`id_usu`,`id_est`) VALUES (928,'2017-05-29',30,26,1,2);
INSERT INTO `weathernow.registros` (`id_reg`,`fecha_reg`,`id_ciu`,`temperatura`,`id_usu`,`id_est`) VALUES (929,'2017-05-30',30,50,1,3);
INSERT INTO `weathernow.registros` (`id_reg`,`fecha_reg`,`id_ciu`,`temperatura`,`id_usu`,`id_est`) VALUES (930,'2017-05-31',30,23,1,1);
INSERT INTO `weathernow.registros` (`id_reg`,`fecha_reg`,`id_ciu`,`temperatura`,`id_usu`,`id_est`) VALUES (931,'2017-06-01',30,40,1,5);
INSERT INTO `weathernow.registros` (`id_reg`,`fecha_reg`,`id_ciu`,`temperatura`,`id_usu`,`id_est`) VALUES (932,'2017-06-02',30,30,1,6);
INSERT INTO `weathernow.registros` (`id_reg`,`fecha_reg`,`id_ciu`,`temperatura`,`id_usu`,`id_est`) VALUES (933,'2017-06-03',30,36,1,7);
INSERT INTO `weathernow.registros` (`id_reg`,`fecha_reg`,`id_ciu`,`temperatura`,`id_usu`,`id_est`) VALUES (934,'2017-06-04',30,23,1,2);
INSERT INTO `weathernow.registros` (`id_reg`,`fecha_reg`,`id_ciu`,`temperatura`,`id_usu`,`id_est`) VALUES (935,'2017-06-05',30,26,1,1);
INSERT INTO `weathernow.registros` (`id_reg`,`fecha_reg`,`id_ciu`,`temperatura`,`id_usu`,`id_est`) VALUES (936,'2017-06-06',30,26,1,2);
INSERT INTO `weathernow.registros` (`id_reg`,`fecha_reg`,`id_ciu`,`temperatura`,`id_usu`,`id_est`) VALUES (937,'2017-06-07',30,50,1,3);
INSERT INTO `weathernow.registros` (`id_reg`,`fecha_reg`,`id_ciu`,`temperatura`,`id_usu`,`id_est`) VALUES (938,'2017-06-08',30,26,1,1);
INSERT INTO `weathernow.registros` (`id_reg`,`fecha_reg`,`id_ciu`,`temperatura`,`id_usu`,`id_est`) VALUES (939,'2017-06-09',30,31,1,5);
INSERT INTO `weathernow.registros` (`id_reg`,`fecha_reg`,`id_ciu`,`temperatura`,`id_usu`,`id_est`) VALUES (940,'2017-06-10',30,26,1,6);
INSERT INTO `weathernow.registros` (`id_reg`,`fecha_reg`,`id_ciu`,`temperatura`,`id_usu`,`id_est`) VALUES (941,'2017-06-11',30,26,1,7);
INSERT INTO `weathernow.registros` (`id_reg`,`fecha_reg`,`id_ciu`,`temperatura`,`id_usu`,`id_est`) VALUES (942,'2017-06-12',30,26,1,2);
INSERT INTO `weathernow.registros` (`id_reg`,`fecha_reg`,`id_ciu`,`temperatura`,`id_usu`,`id_est`) VALUES (943,'2017-06-13',30,25,1,1);
INSERT INTO `weathernow.registros` (`id_reg`,`fecha_reg`,`id_ciu`,`temperatura`,`id_usu`,`id_est`) VALUES (944,'2017-06-14',30,26,1,2);
INSERT INTO `weathernow.registros` (`id_reg`,`fecha_reg`,`id_ciu`,`temperatura`,`id_usu`,`id_est`) VALUES (945,'2017-06-15',30,50,1,3);
INSERT INTO `weathernow.registros` (`id_reg`,`fecha_reg`,`id_ciu`,`temperatura`,`id_usu`,`id_est`) VALUES (946,'2017-06-16',30,23,1,1);
INSERT INTO `weathernow.registros` (`id_reg`,`fecha_reg`,`id_ciu`,`temperatura`,`id_usu`,`id_est`) VALUES (947,'2017-06-17',30,40,1,5);
INSERT INTO `weathernow.registros` (`id_reg`,`fecha_reg`,`id_ciu`,`temperatura`,`id_usu`,`id_est`) VALUES (948,'2017-06-18',30,33,1,6);
INSERT INTO `weathernow.registros` (`id_reg`,`fecha_reg`,`id_ciu`,`temperatura`,`id_usu`,`id_est`) VALUES (949,'2017-06-19',30,31,1,7);
INSERT INTO `weathernow.registros` (`id_reg`,`fecha_reg`,`id_ciu`,`temperatura`,`id_usu`,`id_est`) VALUES (950,'2017-06-20',30,26,1,2);
INSERT INTO `weathernow.registros` (`id_reg`,`fecha_reg`,`id_ciu`,`temperatura`,`id_usu`,`id_est`) VALUES (951,'2017-06-21',30,26,1,1);
INSERT INTO `weathernow.registros` (`id_reg`,`fecha_reg`,`id_ciu`,`temperatura`,`id_usu`,`id_est`) VALUES (952,'2017-06-22',30,26,1,2);
INSERT INTO `weathernow.registros` (`id_reg`,`fecha_reg`,`id_ciu`,`temperatura`,`id_usu`,`id_est`) VALUES (953,'2017-06-23',30,56,1,3);
INSERT INTO `weathernow.registros` (`id_reg`,`fecha_reg`,`id_ciu`,`temperatura`,`id_usu`,`id_est`) VALUES (954,'2017-06-24',30,28,1,1);
INSERT INTO `weathernow.registros` (`id_reg`,`fecha_reg`,`id_ciu`,`temperatura`,`id_usu`,`id_est`) VALUES (955,'2017-06-25',30,40,1,5);
INSERT INTO `weathernow.registros` (`id_reg`,`fecha_reg`,`id_ciu`,`temperatura`,`id_usu`,`id_est`) VALUES (956,'2017-06-26',30,30,1,6);
INSERT INTO `weathernow.registros` (`id_reg`,`fecha_reg`,`id_ciu`,`temperatura`,`id_usu`,`id_est`) VALUES (957,'2017-06-27',30,31,1,7);
INSERT INTO `weathernow.registros` (`id_reg`,`fecha_reg`,`id_ciu`,`temperatura`,`id_usu`,`id_est`) VALUES (958,'2017-06-28',30,23,1,2);
INSERT INTO `weathernow.registros` (`id_reg`,`fecha_reg`,`id_ciu`,`temperatura`,`id_usu`,`id_est`) VALUES (959,'2017-06-29',30,31,1,7);
INSERT INTO `weathernow.registros` (`id_reg`,`fecha_reg`,`id_ciu`,`temperatura`,`id_usu`,`id_est`) VALUES (960,'2017-06-30',30,23,1,2);
INSERT INTO `weathernow.registros` (`id_reg`,`fecha_reg`,`id_ciu`,`temperatura`,`id_usu`,`id_est`) VALUES (961,'2017-05-28',31,26,1,1);
INSERT INTO `weathernow.registros` (`id_reg`,`fecha_reg`,`id_ciu`,`temperatura`,`id_usu`,`id_est`) VALUES (962,'2017-05-29',31,26,1,2);
INSERT INTO `weathernow.registros` (`id_reg`,`fecha_reg`,`id_ciu`,`temperatura`,`id_usu`,`id_est`) VALUES (963,'2017-05-30',31,50,1,3);
INSERT INTO `weathernow.registros` (`id_reg`,`fecha_reg`,`id_ciu`,`temperatura`,`id_usu`,`id_est`) VALUES (964,'2017-05-31',31,23,1,1);
INSERT INTO `weathernow.registros` (`id_reg`,`fecha_reg`,`id_ciu`,`temperatura`,`id_usu`,`id_est`) VALUES (965,'2017-06-01',31,40,1,5);
INSERT INTO `weathernow.registros` (`id_reg`,`fecha_reg`,`id_ciu`,`temperatura`,`id_usu`,`id_est`) VALUES (966,'2017-06-02',31,30,1,6);
INSERT INTO `weathernow.registros` (`id_reg`,`fecha_reg`,`id_ciu`,`temperatura`,`id_usu`,`id_est`) VALUES (967,'2017-06-03',31,36,1,7);
INSERT INTO `weathernow.registros` (`id_reg`,`fecha_reg`,`id_ciu`,`temperatura`,`id_usu`,`id_est`) VALUES (968,'2017-06-04',31,31,1,2);
INSERT INTO `weathernow.registros` (`id_reg`,`fecha_reg`,`id_ciu`,`temperatura`,`id_usu`,`id_est`) VALUES (969,'2017-06-05',31,23,1,1);
INSERT INTO `weathernow.registros` (`id_reg`,`fecha_reg`,`id_ciu`,`temperatura`,`id_usu`,`id_est`) VALUES (970,'2017-06-06',31,31,1,2);
INSERT INTO `weathernow.registros` (`id_reg`,`fecha_reg`,`id_ciu`,`temperatura`,`id_usu`,`id_est`) VALUES (971,'2017-06-07',31,23,1,3);
INSERT INTO `weathernow.registros` (`id_reg`,`fecha_reg`,`id_ciu`,`temperatura`,`id_usu`,`id_est`) VALUES (972,'2017-06-08',31,26,1,1);
INSERT INTO `weathernow.registros` (`id_reg`,`fecha_reg`,`id_ciu`,`temperatura`,`id_usu`,`id_est`) VALUES (973,'2017-06-09',31,40,1,5);
INSERT INTO `weathernow.registros` (`id_reg`,`fecha_reg`,`id_ciu`,`temperatura`,`id_usu`,`id_est`) VALUES (974,'2017-06-10',31,30,1,6);
INSERT INTO `weathernow.registros` (`id_reg`,`fecha_reg`,`id_ciu`,`temperatura`,`id_usu`,`id_est`) VALUES (975,'2017-06-11',31,33,1,7);
INSERT INTO `weathernow.registros` (`id_reg`,`fecha_reg`,`id_ciu`,`temperatura`,`id_usu`,`id_est`) VALUES (976,'2017-06-12',31,23,1,2);
INSERT INTO `weathernow.registros` (`id_reg`,`fecha_reg`,`id_ciu`,`temperatura`,`id_usu`,`id_est`) VALUES (977,'2017-06-13',31,25,1,1);
INSERT INTO `weathernow.registros` (`id_reg`,`fecha_reg`,`id_ciu`,`temperatura`,`id_usu`,`id_est`) VALUES (978,'2017-06-14',31,26,1,2);
INSERT INTO `weathernow.registros` (`id_reg`,`fecha_reg`,`id_ciu`,`temperatura`,`id_usu`,`id_est`) VALUES (979,'2017-06-15',31,50,1,3);
INSERT INTO `weathernow.registros` (`id_reg`,`fecha_reg`,`id_ciu`,`temperatura`,`id_usu`,`id_est`) VALUES (980,'2017-06-16',31,23,1,1);
INSERT INTO `weathernow.registros` (`id_reg`,`fecha_reg`,`id_ciu`,`temperatura`,`id_usu`,`id_est`) VALUES (981,'2017-06-17',31,40,1,5);
INSERT INTO `weathernow.registros` (`id_reg`,`fecha_reg`,`id_ciu`,`temperatura`,`id_usu`,`id_est`) VALUES (982,'2017-06-18',31,33,1,6);
INSERT INTO `weathernow.registros` (`id_reg`,`fecha_reg`,`id_ciu`,`temperatura`,`id_usu`,`id_est`) VALUES (983,'2017-06-19',31,31,1,7);
INSERT INTO `weathernow.registros` (`id_reg`,`fecha_reg`,`id_ciu`,`temperatura`,`id_usu`,`id_est`) VALUES (984,'2017-06-20',31,26,1,2);
INSERT INTO `weathernow.registros` (`id_reg`,`fecha_reg`,`id_ciu`,`temperatura`,`id_usu`,`id_est`) VALUES (985,'2017-06-21',31,31,1,1);
INSERT INTO `weathernow.registros` (`id_reg`,`fecha_reg`,`id_ciu`,`temperatura`,`id_usu`,`id_est`) VALUES (986,'2017-06-22',31,23,1,2);
INSERT INTO `weathernow.registros` (`id_reg`,`fecha_reg`,`id_ciu`,`temperatura`,`id_usu`,`id_est`) VALUES (987,'2017-06-23',31,31,1,3);
INSERT INTO `weathernow.registros` (`id_reg`,`fecha_reg`,`id_ciu`,`temperatura`,`id_usu`,`id_est`) VALUES (988,'2017-06-24',31,23,1,1);
INSERT INTO `weathernow.registros` (`id_reg`,`fecha_reg`,`id_ciu`,`temperatura`,`id_usu`,`id_est`) VALUES (989,'2017-06-25',31,40,1,5);
INSERT INTO `weathernow.registros` (`id_reg`,`fecha_reg`,`id_ciu`,`temperatura`,`id_usu`,`id_est`) VALUES (990,'2017-06-26',31,30,1,6);
INSERT INTO `weathernow.registros` (`id_reg`,`fecha_reg`,`id_ciu`,`temperatura`,`id_usu`,`id_est`) VALUES (991,'2017-06-27',31,31,1,7);
INSERT INTO `weathernow.registros` (`id_reg`,`fecha_reg`,`id_ciu`,`temperatura`,`id_usu`,`id_est`) VALUES (992,'2017-06-28',31,23,1,2);
INSERT INTO `weathernow.registros` (`id_reg`,`fecha_reg`,`id_ciu`,`temperatura`,`id_usu`,`id_est`) VALUES (993,'2017-06-29',31,31,1,7);
INSERT INTO `weathernow.registros` (`id_reg`,`fecha_reg`,`id_ciu`,`temperatura`,`id_usu`,`id_est`) VALUES (994,'2017-06-30',31,23,1,2);
INSERT INTO `weathernow.registros` (`id_reg`,`fecha_reg`,`id_ciu`,`temperatura`,`id_usu`,`id_est`) VALUES (995,'2017-05-28',32,26,1,1);
INSERT INTO `weathernow.registros` (`id_reg`,`fecha_reg`,`id_ciu`,`temperatura`,`id_usu`,`id_est`) VALUES (996,'2017-05-29',32,26,1,2);
INSERT INTO `weathernow.registros` (`id_reg`,`fecha_reg`,`id_ciu`,`temperatura`,`id_usu`,`id_est`) VALUES (997,'2017-05-30',32,50,1,3);
INSERT INTO `weathernow.registros` (`id_reg`,`fecha_reg`,`id_ciu`,`temperatura`,`id_usu`,`id_est`) VALUES (998,'2017-05-31',32,23,1,1);
INSERT INTO `weathernow.registros` (`id_reg`,`fecha_reg`,`id_ciu`,`temperatura`,`id_usu`,`id_est`) VALUES (999,'2017-06-01',32,40,1,5);
INSERT INTO `weathernow.registros` (`id_reg`,`fecha_reg`,`id_ciu`,`temperatura`,`id_usu`,`id_est`) VALUES (1000,'2017-06-02',32,30,1,6);
INSERT INTO `weathernow.registros` (`id_reg`,`fecha_reg`,`id_ciu`,`temperatura`,`id_usu`,`id_est`) VALUES (1001,'2017-06-03',32,36,1,7);
INSERT INTO `weathernow.registros` (`id_reg`,`fecha_reg`,`id_ciu`,`temperatura`,`id_usu`,`id_est`) VALUES (1002,'2017-06-04',32,23,1,2);
INSERT INTO `weathernow.registros` (`id_reg`,`fecha_reg`,`id_ciu`,`temperatura`,`id_usu`,`id_est`) VALUES (1003,'2017-06-05',32,26,1,1);
INSERT INTO `weathernow.registros` (`id_reg`,`fecha_reg`,`id_ciu`,`temperatura`,`id_usu`,`id_est`) VALUES (1004,'2017-06-06',32,26,1,2);
INSERT INTO `weathernow.registros` (`id_reg`,`fecha_reg`,`id_ciu`,`temperatura`,`id_usu`,`id_est`) VALUES (1005,'2017-06-07',32,40,1,3);
INSERT INTO `weathernow.registros` (`id_reg`,`fecha_reg`,`id_ciu`,`temperatura`,`id_usu`,`id_est`) VALUES (1006,'2017-06-08',32,30,1,1);
INSERT INTO `weathernow.registros` (`id_reg`,`fecha_reg`,`id_ciu`,`temperatura`,`id_usu`,`id_est`) VALUES (1007,'2017-06-09',32,31,1,5);
INSERT INTO `weathernow.registros` (`id_reg`,`fecha_reg`,`id_ciu`,`temperatura`,`id_usu`,`id_est`) VALUES (1008,'2017-06-10',32,30,1,6);
INSERT INTO `weathernow.registros` (`id_reg`,`fecha_reg`,`id_ciu`,`temperatura`,`id_usu`,`id_est`) VALUES (1009,'2017-06-11',32,33,1,7);
INSERT INTO `weathernow.registros` (`id_reg`,`fecha_reg`,`id_ciu`,`temperatura`,`id_usu`,`id_est`) VALUES (1010,'2017-06-12',32,23,1,2);
INSERT INTO `weathernow.registros` (`id_reg`,`fecha_reg`,`id_ciu`,`temperatura`,`id_usu`,`id_est`) VALUES (1011,'2017-06-13',32,25,1,1);
INSERT INTO `weathernow.registros` (`id_reg`,`fecha_reg`,`id_ciu`,`temperatura`,`id_usu`,`id_est`) VALUES (1012,'2017-06-14',32,26,1,2);
INSERT INTO `weathernow.registros` (`id_reg`,`fecha_reg`,`id_ciu`,`temperatura`,`id_usu`,`id_est`) VALUES (1013,'2017-06-15',32,50,1,3);
INSERT INTO `weathernow.registros` (`id_reg`,`fecha_reg`,`id_ciu`,`temperatura`,`id_usu`,`id_est`) VALUES (1014,'2017-06-16',32,23,1,1);
INSERT INTO `weathernow.registros` (`id_reg`,`fecha_reg`,`id_ciu`,`temperatura`,`id_usu`,`id_est`) VALUES (1015,'2017-06-17',32,40,1,5);
INSERT INTO `weathernow.registros` (`id_reg`,`fecha_reg`,`id_ciu`,`temperatura`,`id_usu`,`id_est`) VALUES (1016,'2017-06-18',32,33,1,6);
INSERT INTO `weathernow.registros` (`id_reg`,`fecha_reg`,`id_ciu`,`temperatura`,`id_usu`,`id_est`) VALUES (1017,'2017-06-19',32,31,1,7);
INSERT INTO `weathernow.registros` (`id_reg`,`fecha_reg`,`id_ciu`,`temperatura`,`id_usu`,`id_est`) VALUES (1018,'2017-06-20',32,26,1,2);
INSERT INTO `weathernow.registros` (`id_reg`,`fecha_reg`,`id_ciu`,`temperatura`,`id_usu`,`id_est`) VALUES (1019,'2017-06-21',32,26,1,1);
INSERT INTO `weathernow.registros` (`id_reg`,`fecha_reg`,`id_ciu`,`temperatura`,`id_usu`,`id_est`) VALUES (1020,'2017-06-22',32,40,1,2);
INSERT INTO `weathernow.registros` (`id_reg`,`fecha_reg`,`id_ciu`,`temperatura`,`id_usu`,`id_est`) VALUES (1021,'2017-06-23',32,30,1,3);
INSERT INTO `weathernow.registros` (`id_reg`,`fecha_reg`,`id_ciu`,`temperatura`,`id_usu`,`id_est`) VALUES (1022,'2017-06-24',32,31,1,1);
INSERT INTO `weathernow.registros` (`id_reg`,`fecha_reg`,`id_ciu`,`temperatura`,`id_usu`,`id_est`) VALUES (1023,'2017-06-25',32,40,1,5);
INSERT INTO `weathernow.registros` (`id_reg`,`fecha_reg`,`id_ciu`,`temperatura`,`id_usu`,`id_est`) VALUES (1024,'2017-06-26',32,30,1,6);
INSERT INTO `weathernow.registros` (`id_reg`,`fecha_reg`,`id_ciu`,`temperatura`,`id_usu`,`id_est`) VALUES (1025,'2017-06-27',32,31,1,7);
INSERT INTO `weathernow.registros` (`id_reg`,`fecha_reg`,`id_ciu`,`temperatura`,`id_usu`,`id_est`) VALUES (1026,'2017-06-28',32,23,1,2);
INSERT INTO `weathernow.registros` (`id_reg`,`fecha_reg`,`id_ciu`,`temperatura`,`id_usu`,`id_est`) VALUES (1027,'2017-06-29',32,31,1,7);
INSERT INTO `weathernow.registros` (`id_reg`,`fecha_reg`,`id_ciu`,`temperatura`,`id_usu`,`id_est`) VALUES (1028,'2017-06-30',32,23,1,2);
INSERT INTO `weathernow.registros` (`id_reg`,`fecha_reg`,`id_ciu`,`temperatura`,`id_usu`,`id_est`) VALUES (1029,'2017-05-28',6,26,1,1);
INSERT INTO `weathernow.registros` (`id_reg`,`fecha_reg`,`id_ciu`,`temperatura`,`id_usu`,`id_est`) VALUES (1030,'2017-05-29',6,26,1,2);
INSERT INTO `weathernow.registros` (`id_reg`,`fecha_reg`,`id_ciu`,`temperatura`,`id_usu`,`id_est`) VALUES (1031,'2017-05-30',6,50,1,3);
INSERT INTO `weathernow.registros` (`id_reg`,`fecha_reg`,`id_ciu`,`temperatura`,`id_usu`,`id_est`) VALUES (1032,'2017-05-31',6,23,1,1);
INSERT INTO `weathernow.registros` (`id_reg`,`fecha_reg`,`id_ciu`,`temperatura`,`id_usu`,`id_est`) VALUES (1033,'2017-06-01',6,40,1,5);
INSERT INTO `weathernow.registros` (`id_reg`,`fecha_reg`,`id_ciu`,`temperatura`,`id_usu`,`id_est`) VALUES (1034,'2017-06-02',6,40,1,6);
INSERT INTO `weathernow.registros` (`id_reg`,`fecha_reg`,`id_ciu`,`temperatura`,`id_usu`,`id_est`) VALUES (1035,'2017-06-03',6,30,1,7);
INSERT INTO `weathernow.registros` (`id_reg`,`fecha_reg`,`id_ciu`,`temperatura`,`id_usu`,`id_est`) VALUES (1036,'2017-06-04',6,31,1,2);
INSERT INTO `weathernow.registros` (`id_reg`,`fecha_reg`,`id_ciu`,`temperatura`,`id_usu`,`id_est`) VALUES (1037,'2017-06-05',6,26,1,1);
INSERT INTO `weathernow.registros` (`id_reg`,`fecha_reg`,`id_ciu`,`temperatura`,`id_usu`,`id_est`) VALUES (1038,'2017-06-06',6,26,1,2);
INSERT INTO `weathernow.registros` (`id_reg`,`fecha_reg`,`id_ciu`,`temperatura`,`id_usu`,`id_est`) VALUES (1039,'2017-06-07',6,50,1,3);
INSERT INTO `weathernow.registros` (`id_reg`,`fecha_reg`,`id_ciu`,`temperatura`,`id_usu`,`id_est`) VALUES (1040,'2017-06-08',6,26,1,1);
INSERT INTO `weathernow.registros` (`id_reg`,`fecha_reg`,`id_ciu`,`temperatura`,`id_usu`,`id_est`) VALUES (1041,'2017-06-09',6,40,1,5);
INSERT INTO `weathernow.registros` (`id_reg`,`fecha_reg`,`id_ciu`,`temperatura`,`id_usu`,`id_est`) VALUES (1042,'2017-06-10',6,30,1,6);
INSERT INTO `weathernow.registros` (`id_reg`,`fecha_reg`,`id_ciu`,`temperatura`,`id_usu`,`id_est`) VALUES (1043,'2017-06-11',6,33,1,7);
INSERT INTO `weathernow.registros` (`id_reg`,`fecha_reg`,`id_ciu`,`temperatura`,`id_usu`,`id_est`) VALUES (1044,'2017-06-12',6,23,1,2);
INSERT INTO `weathernow.registros` (`id_reg`,`fecha_reg`,`id_ciu`,`temperatura`,`id_usu`,`id_est`) VALUES (1045,'2017-06-13',6,25,1,1);
INSERT INTO `weathernow.registros` (`id_reg`,`fecha_reg`,`id_ciu`,`temperatura`,`id_usu`,`id_est`) VALUES (1046,'2017-06-14',6,40,1,2);
INSERT INTO `weathernow.registros` (`id_reg`,`fecha_reg`,`id_ciu`,`temperatura`,`id_usu`,`id_est`) VALUES (1047,'2017-06-15',6,30,1,3);
INSERT INTO `weathernow.registros` (`id_reg`,`fecha_reg`,`id_ciu`,`temperatura`,`id_usu`,`id_est`) VALUES (1048,'2017-06-16',6,31,1,1);
INSERT INTO `weathernow.registros` (`id_reg`,`fecha_reg`,`id_ciu`,`temperatura`,`id_usu`,`id_est`) VALUES (1049,'2017-06-17',6,40,1,5);
INSERT INTO `weathernow.registros` (`id_reg`,`fecha_reg`,`id_ciu`,`temperatura`,`id_usu`,`id_est`) VALUES (1050,'2017-06-18',6,33,1,6);
INSERT INTO `weathernow.registros` (`id_reg`,`fecha_reg`,`id_ciu`,`temperatura`,`id_usu`,`id_est`) VALUES (1051,'2017-06-19',6,31,1,7);
INSERT INTO `weathernow.registros` (`id_reg`,`fecha_reg`,`id_ciu`,`temperatura`,`id_usu`,`id_est`) VALUES (1052,'2017-06-20',6,26,1,2);
INSERT INTO `weathernow.registros` (`id_reg`,`fecha_reg`,`id_ciu`,`temperatura`,`id_usu`,`id_est`) VALUES (1053,'2017-06-21',6,26,1,1);
INSERT INTO `weathernow.registros` (`id_reg`,`fecha_reg`,`id_ciu`,`temperatura`,`id_usu`,`id_est`) VALUES (1054,'2017-06-22',6,26,1,2);
INSERT INTO `weathernow.registros` (`id_reg`,`fecha_reg`,`id_ciu`,`temperatura`,`id_usu`,`id_est`) VALUES (1055,'2017-06-23',6,56,1,3);
INSERT INTO `weathernow.registros` (`id_reg`,`fecha_reg`,`id_ciu`,`temperatura`,`id_usu`,`id_est`) VALUES (1056,'2017-06-24',6,28,1,1);
INSERT INTO `weathernow.registros` (`id_reg`,`fecha_reg`,`id_ciu`,`temperatura`,`id_usu`,`id_est`) VALUES (1057,'2017-06-25',6,40,1,5);
INSERT INTO `weathernow.registros` (`id_reg`,`fecha_reg`,`id_ciu`,`temperatura`,`id_usu`,`id_est`) VALUES (1058,'2017-06-26',6,30,1,6);
INSERT INTO `weathernow.registros` (`id_reg`,`fecha_reg`,`id_ciu`,`temperatura`,`id_usu`,`id_est`) VALUES (1059,'2017-06-27',6,31,1,7);
INSERT INTO `weathernow.registros` (`id_reg`,`fecha_reg`,`id_ciu`,`temperatura`,`id_usu`,`id_est`) VALUES (1060,'2017-06-28',6,23,1,2);
INSERT INTO `weathernow.registros` (`id_reg`,`fecha_reg`,`id_ciu`,`temperatura`,`id_usu`,`id_est`) VALUES (1061,'2017-06-29',6,31,1,7);
INSERT INTO `weathernow.registros` (`id_reg`,`fecha_reg`,`id_ciu`,`temperatura`,`id_usu`,`id_est`) VALUES (1062,'2017-06-30',6,23,1,2);
INSERT INTO `weathernow.registros` (`id_reg`,`fecha_reg`,`id_ciu`,`temperatura`,`id_usu`,`id_est`) VALUES (1063,'2017-05-28',5,26,1,1);
INSERT INTO `weathernow.registros` (`id_reg`,`fecha_reg`,`id_ciu`,`temperatura`,`id_usu`,`id_est`) VALUES (1064,'2017-05-29',5,26,1,2);
INSERT INTO `weathernow.registros` (`id_reg`,`fecha_reg`,`id_ciu`,`temperatura`,`id_usu`,`id_est`) VALUES (1065,'2017-05-30',5,50,1,3);
INSERT INTO `weathernow.registros` (`id_reg`,`fecha_reg`,`id_ciu`,`temperatura`,`id_usu`,`id_est`) VALUES (1066,'2017-05-31',5,23,1,1);
INSERT INTO `weathernow.registros` (`id_reg`,`fecha_reg`,`id_ciu`,`temperatura`,`id_usu`,`id_est`) VALUES (1067,'2017-06-01',5,40,1,5);
INSERT INTO `weathernow.registros` (`id_reg`,`fecha_reg`,`id_ciu`,`temperatura`,`id_usu`,`id_est`) VALUES (1068,'2017-06-02',5,12,1,6);
INSERT INTO `weathernow.registros` (`id_reg`,`fecha_reg`,`id_ciu`,`temperatura`,`id_usu`,`id_est`) VALUES (1069,'2017-06-03',5,36,1,7);
INSERT INTO `weathernow.registros` (`id_reg`,`fecha_reg`,`id_ciu`,`temperatura`,`id_usu`,`id_est`) VALUES (1070,'2017-06-04',5,23,1,2);
INSERT INTO `weathernow.registros` (`id_reg`,`fecha_reg`,`id_ciu`,`temperatura`,`id_usu`,`id_est`) VALUES (1071,'2017-06-05',5,12,1,1);
INSERT INTO `weathernow.registros` (`id_reg`,`fecha_reg`,`id_ciu`,`temperatura`,`id_usu`,`id_est`) VALUES (1072,'2017-06-06',5,26,1,2);
INSERT INTO `weathernow.registros` (`id_reg`,`fecha_reg`,`id_ciu`,`temperatura`,`id_usu`,`id_est`) VALUES (1073,'2017-06-07',5,50,1,3);
INSERT INTO `weathernow.registros` (`id_reg`,`fecha_reg`,`id_ciu`,`temperatura`,`id_usu`,`id_est`) VALUES (1074,'2017-06-08',5,26,1,1);
INSERT INTO `weathernow.registros` (`id_reg`,`fecha_reg`,`id_ciu`,`temperatura`,`id_usu`,`id_est`) VALUES (1075,'2017-06-09',5,40,1,5);
INSERT INTO `weathernow.registros` (`id_reg`,`fecha_reg`,`id_ciu`,`temperatura`,`id_usu`,`id_est`) VALUES (1076,'2017-06-10',5,30,1,6);
INSERT INTO `weathernow.registros` (`id_reg`,`fecha_reg`,`id_ciu`,`temperatura`,`id_usu`,`id_est`) VALUES (1077,'2017-06-11',5,33,1,7);
INSERT INTO `weathernow.registros` (`id_reg`,`fecha_reg`,`id_ciu`,`temperatura`,`id_usu`,`id_est`) VALUES (1078,'2017-06-12',5,12,1,2);
INSERT INTO `weathernow.registros` (`id_reg`,`fecha_reg`,`id_ciu`,`temperatura`,`id_usu`,`id_est`) VALUES (1079,'2017-06-13',5,13,1,1);
INSERT INTO `weathernow.registros` (`id_reg`,`fecha_reg`,`id_ciu`,`temperatura`,`id_usu`,`id_est`) VALUES (1080,'2017-06-14',5,26,1,2);
INSERT INTO `weathernow.registros` (`id_reg`,`fecha_reg`,`id_ciu`,`temperatura`,`id_usu`,`id_est`) VALUES (1081,'2017-06-15',5,13,1,3);
INSERT INTO `weathernow.registros` (`id_reg`,`fecha_reg`,`id_ciu`,`temperatura`,`id_usu`,`id_est`) VALUES (1082,'2017-06-16',5,23,1,1);
INSERT INTO `weathernow.registros` (`id_reg`,`fecha_reg`,`id_ciu`,`temperatura`,`id_usu`,`id_est`) VALUES (1083,'2017-06-17',5,13,1,5);
INSERT INTO `weathernow.registros` (`id_reg`,`fecha_reg`,`id_ciu`,`temperatura`,`id_usu`,`id_est`) VALUES (1084,'2017-06-18',5,33,1,6);
INSERT INTO `weathernow.registros` (`id_reg`,`fecha_reg`,`id_ciu`,`temperatura`,`id_usu`,`id_est`) VALUES (1085,'2017-06-19',5,13,1,7);
INSERT INTO `weathernow.registros` (`id_reg`,`fecha_reg`,`id_ciu`,`temperatura`,`id_usu`,`id_est`) VALUES (1086,'2017-06-20',5,26,1,2);
INSERT INTO `weathernow.registros` (`id_reg`,`fecha_reg`,`id_ciu`,`temperatura`,`id_usu`,`id_est`) VALUES (1087,'2017-06-21',5,26,1,1);
INSERT INTO `weathernow.registros` (`id_reg`,`fecha_reg`,`id_ciu`,`temperatura`,`id_usu`,`id_est`) VALUES (1088,'2017-06-22',5,26,1,2);
INSERT INTO `weathernow.registros` (`id_reg`,`fecha_reg`,`id_ciu`,`temperatura`,`id_usu`,`id_est`) VALUES (1089,'2017-06-23',5,56,1,3);
INSERT INTO `weathernow.registros` (`id_reg`,`fecha_reg`,`id_ciu`,`temperatura`,`id_usu`,`id_est`) VALUES (1090,'2017-06-24',5,28,1,1);
INSERT INTO `weathernow.registros` (`id_reg`,`fecha_reg`,`id_ciu`,`temperatura`,`id_usu`,`id_est`) VALUES (1091,'2017-06-25',5,40,1,5);
INSERT INTO `weathernow.registros` (`id_reg`,`fecha_reg`,`id_ciu`,`temperatura`,`id_usu`,`id_est`) VALUES (1092,'2017-06-26',5,30,1,6);
INSERT INTO `weathernow.registros` (`id_reg`,`fecha_reg`,`id_ciu`,`temperatura`,`id_usu`,`id_est`) VALUES (1093,'2017-06-27',5,31,1,7);
INSERT INTO `weathernow.registros` (`id_reg`,`fecha_reg`,`id_ciu`,`temperatura`,`id_usu`,`id_est`) VALUES (1094,'2017-06-28',5,23,1,2);
INSERT INTO `weathernow.registros` (`id_reg`,`fecha_reg`,`id_ciu`,`temperatura`,`id_usu`,`id_est`) VALUES (1095,'2017-06-29',5,31,1,7);
INSERT INTO `weathernow.registros` (`id_reg`,`fecha_reg`,`id_ciu`,`temperatura`,`id_usu`,`id_est`) VALUES (1096,'2017-06-30',5,23,1,2);




